,PlayerID,Team,Number,FirstName,LastName,Position,Status,Height,Weight,BirthDate,College,Experience,FantasyPosition,Active,PositionCategory,Name,Age,ExperienceString,BirthDateString,PhotoUrl,ByeWeek,UpcomingGameOpponent,UpcomingGameWeek,ShortName,AverageDraftPosition,DepthPositionCategory,DepthPosition,DepthOrder,DepthDisplayOrder,CurrentTeam,CollegeDraftTeam,CollegeDraftYear,CollegeDraftRound,CollegeDraftPick,IsUndraftedFreeAgent,HeightFeet,HeightInches,UpcomingOpponentRank,UpcomingOpponentPositionRank,CurrentStatus,UpcomingSalary,FantasyAlarmPlayerID,SportRadarPlayerID,RotoworldPlayerID,RotoWirePlayerID,StatsPlayerID,SportsDirectPlayerID,XmlTeamPlayerID,FanDuelPlayerID,DraftKingsPlayerID,YahooPlayerID,InjuryStatus,InjuryBodyPart,InjuryStartDate,InjuryNotes,FanDuelName,DraftKingsName,YahooName,FantasyPositionDepthOrder,InjuryPractice,InjuryPracticeDescription,DeclaredInactive,UpcomingFanDuelSalary,UpcomingDraftKingsSalary,UpcomingYahooSalary,TeamID,GlobalTeamID,FantasyDraftPlayerID,FantasyDraftName,UsaTodayPlayerID,UsaTodayHeadshotUrl,UsaTodayHeadshotNoBackgroundUrl,UsaTodayHeadshotUpdated,UsaTodayHeadshotNoBackgroundUpdated
44,423,NA,,Ryan,Kalil,C,Inactive,"6'2""",300,1985-03-29T00:00:00,USC,17,OL,FALSE,OFF,Ryan Kalil,38,14th Season,29-Mar-85,https://s3-us-west-2.amazonaws.com/static.fantasydata.com/headshots/nfl/low-res/423.png,NA,BUF,0,R.Kalil,NA,Scrambled,Scrambled,NA,NA,NA,CAR,2007,2,73,FALSE,6,2,6,NA,Scrambled,NA,300312,d503e3cf-861d-4b06-8de8-f66b1b72a3bf,4189,5294,NA,15132,3536,NA,NA,8313,Scrambled,Scrambled,NA,Scrambled,NA,NA,NA,NA,Scrambled,Scrambled,FALSE,NA,NA,NA,NA,0,NA,NA,6082219,http://cdn.usatsimg.com/api/download/?imageID=10430494,http://cdn.usatsimg.com/api/download/?imageID=10839454,2017-11-22T06:42:08,2018-05-16T13:57:56
45,8786,NA,64,Samson,Satele,C,Inactive,"6'3""",300,1984-11-29T00:00:00,Hawaii,12,OL,FALSE,OFF,Samson Satele,39,8th Season,29-Nov-84,https://s3-us-west-2.amazonaws.com/static.fantasydata.com/headshots/nfl/low-res/8786.png,NA,WAS,0,S.Satele,NA,Scrambled,Scrambled,NA,NA,NA,MIA,2007,2,74,FALSE,6,3,40,NA,Scrambled,NA,300302,b565f20f-6fac-4efe-84d3-9082f86da25a,NA,NA,NA,NA,9561,NA,NA,NA,Scrambled,Scrambled,NA,Scrambled,NA,NA,NA,NA,Scrambled,Scrambled,FALSE,NA,NA,NA,NA,0,NA,NA,NA,NA,NA,NA,NA
112,992,NA,64,Kyle,Cook,C,Inactive,"6'3""",312,1983-07-25T00:00:00,Michigan State,9,OL,FALSE,OFF,Kyle Cook,40,6th Season,25-Jul-83,https://s3-us-west-2.amazonaws.com/static.fantasydata.com/headshots/nfl/low-res/0.png,NA,NA,0,K.Cook,NA,Scrambled,Scrambled,NA,NA,NA,MIN,2007,NA,NA,TRUE,6,3,NA,NA,Scrambled,NA,NA,,NA,NA,NA,NA,NA,NA,NA,NA,Scrambled,Scrambled,NA,Scrambled,NA,NA,NA,NA,Scrambled,Scrambled,FALSE,NA,NA,NA,NA,0,NA,NA,NA,NA,NA,NA,NA
122,4182,NA,63,Lyle,Sendlein,C,Inactive,"6'3""",308,1984-03-16T00:00:00,Texas,12,OL,FALSE,OFF,Lyle Sendlein,40,8th Season,16-Mar-84,https://s3-us-west-2.amazonaws.com/static.fantasydata.com/headshots/nfl/low-res/4182.png,NA,CAR,0,L.Sendlein,NA,Scrambled,Scrambled,NA,NA,NA,ARI,2007,NA,NA,TRUE,6,3,12,NA,Scrambled,NA,300281,81e6e16c-ef1b-4898-b75a-7bb25741234f,NA,5533,NA,14254,9560,NA,NA,8550,Scrambled,Scrambled,NA,Scrambled,NA,NA,NA,NA,Scrambled,Scrambled,FALSE,NA,NA,NA,NA,0,NA,NA,NA,NA,NA,NA,NA
12,6304,NA,24,Darrelle,Revis,CB,Inactive,"5'11""",198,1985-07-14T00:00:00,Pittsburgh,14,DB,FALSE,DEF,Darrelle Revis,38,11th Season,14-Jul-85,https://s3-us-west-2.amazonaws.com/static.fantasydata.com/headshots/nfl/low-res/6304.png,NA,TEN,0,D.Revis,NA,Scrambled,Scrambled,NA,NA,NA,NYJ,2007,1,17,FALSE,5,11,16,NA,Scrambled,NA,300390,2979c3a5-0e4e-489e-82d7-d208e48b828b,4155,5207,269063,12986,6444,NA,NA,8268,Scrambled,Scrambled,NA,Scrambled,NA,NA,NA,NA,Scrambled,Scrambled,FALSE,NA,NA,NA,NA,0,NA,NA,3658,http://cdn.usatsimg.com/api/download/?imageID=8764704,NA,NA,NA
14,1650,NA,29,Leon,Hall,CB,Inactive,"5'11""",199,1984-12-09T00:00:00,Michigan,15,DB,FALSE,DEF,Leon Hall,39,12th Season,9-Dec-84,https://s3-us-west-2.amazonaws.com/static.fantasydata.com/headshots/nfl/low-res/1650.png,NA,KC,0,L.Hall,NA,Scrambled,Scrambled,NA,NA,NA,CIN,2007,1,22,FALSE,5,11,2,NA,Scrambled,NA,300364,16340de5-372b-4c20-953f-07a0fe26be69,4204,5348,216026,4132,9370,NA,NA,8272,Scrambled,Scrambled,NA,Scrambled,NA,NA,NA,NA,Scrambled,Scrambled,FALSE,NA,NA,NA,NA,0,NA,NA,2397495,http://cdn.usatsimg.com/api/download/?imageID=10839864,http://cdn.usatsimg.com/api/download/?imageID=10839864,2018-05-16T17:06:18,2018-05-16T17:06:18
16,796,NA,38,Aaron,Ross,CB,Inactive,"6'0""",197,1982-09-15T00:00:00,Texas,12,DB,FALSE,DEF,Aaron Ross,41,8th Season,15-Sep-82,https://s3-us-west-2.amazonaws.com/static.fantasydata.com/headshots/nfl/low-res/796.png,NA,NYJ,0,A.Ross,NA,Scrambled,Scrambled,NA,NA,NA,NYG,2007,1,25,FALSE,6,0,9,NA,Scrambled,NA,300596,fef6074b-6053-482e-a1e9-9577f3a394b1,NA,NA,NA,NA,9331,NA,NA,NA,Scrambled,Scrambled,NA,Scrambled,NA,NA,NA,NA,Scrambled,Scrambled,FALSE,NA,NA,NA,NA,0,NA,NA,NA,NA,NA,NA,NA
33,11993,NA,23,Chris,Houston,CB,Inactive,"5'10""",178,1984-10-18T00:00:00,Arkansas,12,DB,FALSE,DEF,Chris Houston,39,8th Season,18-Oct-84,https://s3-us-west-2.amazonaws.com/static.fantasydata.com/headshots/nfl/low-res/11993.png,NA,JAX,0,C.Houston,NA,Scrambled,Scrambled,NA,NA,NA,ATL,2007,2,51,FALSE,5,10,26,NA,Scrambled,NA,303808,e097b5b1-8262-4346-96f1-6b6df242f867,NA,NA,NA,NA,NA,NA,NA,NA,Scrambled,Scrambled,NA,Scrambled,NA,NA,NA,NA,Scrambled,Scrambled,FALSE,NA,NA,NA,NA,0,NA,NA,NA,NA,NA,NA,NA
41,11757,NA,30,Eric,Wright,CB,Inactive,"5'10""",190,1985-07-24T00:00:00,UNLV,11,DB,FALSE,DEF,Eric Wright,38,7th Season,24-Jul-85,https://s3-us-west-2.amazonaws.com/static.fantasydata.com/headshots/nfl/low-res/0.png,NA,NA,0,E.Wright,NA,Scrambled,Scrambled,NA,NA,NA,CLE,2007,2,66,FALSE,5,10,NA,NA,Scrambled,NA,NA,,NA,NA,NA,NA,NA,NA,NA,NA,Scrambled,Scrambled,NA,Scrambled,NA,NA,NA,NA,Scrambled,Scrambled,FALSE,NA,NA,NA,NA,0,NA,NA,NA,NA,NA,NA,NA
43,12150,NA,30,Josh,Wilson,CB,Inactive,"5'9""",192,1985-03-11T00:00:00,Maryland,11,DB,FALSE,DEF,Josh Wilson,39,9th Season,11-Mar-85,https://s3-us-west-2.amazonaws.com/static.fantasydata.com/headshots/nfl/low-res/12150.png,NA,CHI,0,J.Wilson,NA,Scrambled,Scrambled,NA,NA,NA,SEA,2007,2,68,FALSE,5,9,24,NA,Scrambled,NA,300393,2a22fdb5-2636-4fd5-8afe-351787d4f8a3,NA,5353,NA,10904,2713,NA,NA,8309,Scrambled,Scrambled,NA,Scrambled,NA,NA,NA,NA,Scrambled,Scrambled,FALSE,NA,NA,NA,NA,0,NA,NA,NA,NA,NA,NA,NA
79,7350,NA,25,Tarell,Brown,CB,Inactive,"5'11""",193,1985-01-06T00:00:00,Texas,12,DB,FALSE,DEF,Tarell Brown,39,8th Season,6-Jan-85,https://s3-us-west-2.amazonaws.com/static.fantasydata.com/headshots/nfl/low-res/7350.png,NA,DEN,0,T.Brown,NA,Scrambled,Scrambled,NA,NA,NA,SF,2007,5,182,FALSE,5,11,36,NA,Scrambled,NA,300513,a058c9ae-39c8-4112-870d-607b26bbb7e7,NA,6200,NA,6927,9558,NA,NA,8401,Scrambled,Scrambled,NA,Scrambled,NA,NA,NA,NA,Scrambled,Scrambled,FALSE,NA,NA,NA,NA,0,NA,NA,NA,NA,NA,NA,NA
102,12141,NA,38,Trumaine,McBride,CB,Inactive,"5'9""",185,1985-09-24T00:00:00,Mississippi,12,DB,FALSE,DEF,Trumaine McBride,38,8th Season,24-Sep-85,https://s3-us-west-2.amazonaws.com/static.fantasydata.com/headshots/nfl/low-res/12141.png,NA,PHI,0,T.McBride,NA,Scrambled,Scrambled,NA,NA,NA,CHI,2007,7,274,FALSE,5,9,38,NA,Scrambled,NA,300352,10338dba-40ef-4802-8461-44e24dcf78c5,NA,7018,NA,8858,9810,NA,NA,8475,Scrambled,Scrambled,NA,Scrambled,NA,NA,NA,NA,Scrambled,Scrambled,FALSE,NA,NA,NA,NA,0,NA,NA,NA,NA,NA,NA,NA
106,5677,NA,45,Alan,Ball,CB,Inactive,"6'2""",195,1985-03-29T00:00:00,Illinois,12,DB,FALSE,DEF,Alan Ball,38,8th Season,29-Mar-85,https://s3-us-west-2.amazonaws.com/static.fantasydata.com/headshots/nfl/low-res/5677.png,NA,NE,0,A.Ball,NA,Scrambled,Scrambled,NA,NA,NA,DAL,2007,7,293,FALSE,6,2,12,NA,Scrambled,NA,300490,8450a2fe-7386-4ac5-951c-a5a4dfdd733c,NA,6897,NA,7854,10068,NA,NA,8491,Scrambled,Scrambled,NA,Scrambled,NA,NA,James Morrison,NA,Scrambled,Scrambled,FALSE,NA,NA,NA,NA,0,NA,NA,NA,NA,NA,NA,NA
129,8390,NA,34,Marquice,Cole,CB,Inactive,"5'10""",192,1983-11-13T00:00:00,Northwestern,8,DB,FALSE,DEF,Marquice Cole,40,5th Season,13-Nov-83,https://s3-us-west-2.amazonaws.com/static.fantasydata.com/headshots/nfl/low-res/0.png,NA,NA,0,M.Cole,NA,Scrambled,Scrambled,NA,NA,NA,LV,2007,NA,NA,TRUE,5,10,NA,NA,Scrambled,NA,NA,,NA,NA,NA,NA,NA,NA,NA,NA,Scrambled,Scrambled,NA,Scrambled,NA,NA,NA,NA,Scrambled,Scrambled,FALSE,NA,NA,NA,NA,0,NA,NA,NA,NA,NA,NA,NA
121,3862,NA,21,Michael,Adams,DB,Inactive,"5'8""",181,1985-06-17T00:00:00,Louisiana-Lafayette,9,DB,FALSE,DEF,Michael Adams,38,6th Season,17-Jun-85,https://s3-us-west-2.amazonaws.com/static.fantasydata.com/headshots/nfl/low-res/0.png,NA,NA,0,M.Adams,NA,Scrambled,Scrambled,NA,NA,NA,ARI,2007,NA,NA,TRUE,5,8,NA,NA,Scrambled,NA,NA,,NA,NA,NA,NA,NA,NA,NA,NA,Scrambled,Scrambled,NA,Scrambled,NA,NA,NA,NA,Scrambled,Scrambled,FALSE,NA,NA,NA,NA,0,NA,NA,NA,NA,NA,NA,NA
6,4547,NA,91,Jamaal,Anderson,DE,Inactive,"6'5""",289,1986-02-06T00:00:00,Arkansas,11,DL,FALSE,DEF,Jamaal Anderson,38,7th Season,6-Feb-86,https://s3-us-west-2.amazonaws.com/static.fantasydata.com/headshots/nfl/low-res/0.png,NA,NA,0,J.Anderson,NA,Scrambled,Scrambled,NA,NA,NA,ATL,2007,1,12,FALSE,6,5,NA,NA,Scrambled,NA,NA,,NA,NA,NA,NA,NA,NA,NA,NA,Scrambled,Scrambled,NA,Scrambled,NA,NA,NA,NA,Scrambled,Scrambled,FALSE,NA,NA,NA,NA,0,NA,NA,NA,NA,NA,NA,NA
11,8017,NA,94,Adam,Carriker,DE,Inactive,"6'6""",296,1984-05-06T00:00:00,Nebraska,11,DL,FALSE,DEF,Adam Carriker,39,7th Season,6-May-84,https://s3-us-west-2.amazonaws.com/static.fantasydata.com/headshots/nfl/low-res/0.png,NA,NA,0,A.Carriker,NA,Scrambled,Scrambled,NA,NA,NA,LAR,2007,1,16,FALSE,6,6,NA,NA,Scrambled,NA,NA,,NA,NA,NA,NA,NA,NA,NA,NA,Scrambled,Scrambled,NA,Scrambled,NA,NA,NA,NA,Scrambled,Scrambled,FALSE,NA,NA,NA,NA,0,NA,NA,NA,NA,NA,NA,NA
42,9931,NA,94,Turk,McBride,DE,Inactive,"6'2""",278,1985-05-30T00:00:00,Tennessee,11,DL,FALSE,DEF,Turk McBride,38,7th Season,30-May-85,https://s3-us-west-2.amazonaws.com/static.fantasydata.com/headshots/nfl/low-res/0.png,NA,NA,0,T.McBride,NA,Scrambled,Scrambled,NA,NA,NA,KC,2007,2,67,FALSE,6,2,NA,NA,Scrambled,NA,NA,,NA,NA,NA,NA,NA,NA,NA,NA,Scrambled,Scrambled,NA,Scrambled,NA,NA,NA,NA,Scrambled,Scrambled,FALSE,NA,NA,NA,NA,0,NA,NA,NA,NA,NA,NA,NA
52,1061,NA,,Charles,Johnson,DE,Inactive,"6'2""",275,1986-07-10T00:00:00,Georgia,15,DL,FALSE,DEF,Charles Johnson,37,12th Season,10-Jul-86,https://s3-us-west-2.amazonaws.com/static.fantasydata.com/headshots/nfl/low-res/1061.png,NA,BUF,0,C.Johnson,NA,Scrambled,Scrambled,NA,NA,NA,CAR,2007,3,103,FALSE,6,2,6,NA,Scrambled,NA,301690,f4baa4a3-8548-4cc1-bba8-e5e8d5d4656e,4245,5200,263156,16978,NA,NA,NA,8337,Scrambled,Scrambled,NA,Scrambled,NA,Charles Johnson,Charles Johnson,NA,Scrambled,Scrambled,FALSE,NA,NA,NA,NA,0,NA,NA,3504,http://cdn.usatsimg.com/api/download/?imageID=9510368,http://cdn.usatsimg.com/api/download/?imageID=10839470,NA,NA
60,7202,NA,96,Brian,Robison,DE,Inactive,"6'3""",259,1983-04-27T00:00:00,Texas,15,DL,FALSE,DEF,Brian Robison,40,12th Season,27-Apr-83,https://s3-us-west-2.amazonaws.com/static.fantasydata.com/headshots/nfl/low-res/7202.png,NA,SF,0,B.Robison,NA,Scrambled,Scrambled,NA,NA,NA,MIN,2007,4,126,FALSE,6,3,11,NA,Scrambled,NA,301612,ac568889-d10d-4ccc-89a1-8e4233848086,4350,5319,NA,5966,9582,NA,NA,8356,Scrambled,Scrambled,NA,Scrambled,NA,Brian Robison,Brian Robison,NA,Scrambled,Scrambled,FALSE,NA,NA,NA,NA,0,NA,NA,1793,http://cdn.usatsimg.com/api/download/?imageID=7478359,http://cdn.usatsimg.com/api/download/?imageID=10840029,NA,NA
74,8696,NA,69,Ryan,McBean,DE,Inactive,"6'4""",305,1984-04-23T00:00:00,Oklahoma State,8,DL,FALSE,DEF,Ryan McBean,39,5th Season,23-Apr-84,https://s3-us-west-2.amazonaws.com/static.fantasydata.com/headshots/nfl/low-res/0.png,NA,NA,0,R.McBean,NA,Scrambled,Scrambled,NA,NA,NA,PIT,2007,4,163,FALSE,6,4,NA,NA,Scrambled,NA,301606,a5a8737d-4212-41e4-b26c-72c98b83ec89,NA,NA,NA,NA,9585,NA,NA,NA,Scrambled,Scrambled,NA,Scrambled,NA,NA,NA,NA,Scrambled,Scrambled,FALSE,NA,NA,NA,NA,0,NA,NA,NA,NA,NA,NA,NA
77,12457,NA,56,Jay,Richardson,DE,Inactive,"6'6""",280,1984-01-27T00:00:00,Ohio State,8,DL,FALSE,DEF,Jay Richardson,40,5th Season,27-Jan-84,https://s3-us-west-2.amazonaws.com/static.fantasydata.com/headshots/nfl/low-res/0.png,NA,NA,0,J.Richardson,NA,Scrambled,Scrambled,NA,NA,NA,LV,2007,5,171,FALSE,6,6,NA,NA,Scrambled,NA,NA,,NA,NA,NA,NA,NA,NA,NA,NA,Scrambled,Scrambled,NA,Scrambled,NA,NA,NA,NA,Scrambled,Scrambled,FALSE,NA,NA,NA,NA,0,NA,NA,NA,NA,NA,NA,NA
87,10280,NA,90,Derek,Landri,DE,Inactive,"6'2""",290,1983-09-21T00:00:00,Notre Dame,11,DL,FALSE,DEF,Derek Landri,40,7th Season,21-Sep-83,https://s3-us-west-2.amazonaws.com/static.fantasydata.com/headshots/nfl/low-res/0.png,NA,NA,0,D.Landri,NA,Scrambled,Scrambled,NA,NA,NA,JAX,2007,5,206,FALSE,6,2,NA,NA,Scrambled,NA,NA,,NA,NA,NA,NA,NA,NA,NA,NA,Scrambled,Scrambled,NA,Scrambled,NA,NA,NA,NA,Scrambled,Scrambled,FALSE,NA,NA,NA,NA,0,NA,NA,NA,NA,NA,NA,NA
125,5748,NA,70,Mike,DeVito,DE,Inactive,"6'3""",305,1984-06-10T00:00:00,Maine,11,DL,FALSE,DEF,Mike DeVito,39,9th Season,10-Jun-84,https://s3-us-west-2.amazonaws.com/static.fantasydata.com/headshots/nfl/low-res/5748.png,NA,NE,0,M.DeVito,NA,Scrambled,Scrambled,NA,NA,NA,NYJ,2007,NA,NA,TRUE,6,3,12,NA,Scrambled,NA,301615,ae03b44e-bd25-42af-8e53-ed8967bc09b5,NA,7114,NA,33698,9863,NA,NA,8551,Scrambled,Scrambled,NA,Scrambled,NA,NA,NA,NA,Scrambled,Scrambled,FALSE,NA,NA,NA,NA,0,NA,NA,NA,NA,NA,NA,NA
8,844,NA,76,Amobi,Okoye,DT,Inactive,"6'2""",315,1987-06-10T00:00:00,Louisville,11,DL,FALSE,DEF,Amobi Okoye,36,7th Season,10-Jun-87,https://s3-us-west-2.amazonaws.com/static.fantasydata.com/headshots/nfl/low-res/0.png,NA,NYG,0,A.Okoye,NA,Scrambled,Scrambled,NA,NA,NA,HOU,2007,1,12,FALSE,6,2,28,NA,Scrambled,NA,302195,80fe18c8-da41-49a7-a22f-c0aae91c1d60,NA,NA,NA,NA,9420,NA,NA,NA,Scrambled,Scrambled,NA,Scrambled,NA,NA,NA,NA,Scrambled,Scrambled,FALSE,NA,NA,NA,NA,0,NA,NA,NA,NA,NA,NA,NA
27,7169,NA,97,Alan,Branch,DT,Inactive,"6'6""",325,1984-12-29T00:00:00,Michigan,15,DL,FALSE,DEF,Alan Branch,39,12th Season,29-Dec-84,https://s3-us-west-2.amazonaws.com/static.fantasydata.com/headshots/nfl/low-res/7169.png,NA,PHI,0,A.Branch,NA,Scrambled,Scrambled,NA,NA,NA,ARI,2007,2,41,FALSE,6,6,38,NA,Scrambled,NA,302277,eb02d9d3-87a1-4e50-9809-094946c73c46,4157,5196,264843,16948,6277,NA,NA,8287,Scrambled,Scrambled,NA,Scrambled,NA,Alan Branch,Alan Branch,NA,Scrambled,Scrambled,FALSE,NA,NA,NA,NA,0,NA,NA,4599,http://cdn.usatsimg.com/api/download/?imageID=9592530,http://cdn.usatsimg.com/api/download/?imageID=10835454,NA,NA
53,292,NA,,Brandon,Mebane,DT,Inactive,"6'1""",311,1985-01-15T10:00:00,California,17,DL,FALSE,DEF,Brandon Mebane,39,14th Season,15-Jan-85,https://s3-us-west-2.amazonaws.com/static.fantasydata.com/headshots/nfl/low-res/292.png,NA,KC,0,B.Mebane,NA,Scrambled,Scrambled,NA,NA,NA,SEA,2007,3,105,FALSE,6,1,2,NA,Scrambled,NA,302109,1c5a8bd4-1b02-458e-943d-c391d3f0258e,4367,5393,NA,14126,9577,NA,NA,8339,Scrambled,Scrambled,NA,Scrambled,NA,NA,NA,NA,Scrambled,Scrambled,FALSE,NA,NA,NA,NA,0,NA,NA,6080756,http://cdn.usatsimg.com/api/download/?imageID=12071772,http://cdn.usatsimg.com/api/download/?imageID=12145001,2019-01-28T20:37:56,2019-02-11T12:42:24
57,4060,NA,91,Ray,McDonald,DT,Inactive,"6'3""",290,1984-09-02T00:00:00,Florida,12,DL,FALSE,DEF,Ray McDonald,39,8th Season,2-Sep-84,https://s3-us-west-2.amazonaws.com/static.fantasydata.com/headshots/nfl/low-res/4060.png,NA,GB,0,R.McDonald,NA,Scrambled,Scrambled,NA,NA,NA,SF,2007,3,120,FALSE,6,3,17,NA,Scrambled,NA,302193,7ff37afe-6632-4ebe-b958-2cc16cfecfa3,NA,NA,NA,NA,9373,NA,NA,NA,Scrambled,Scrambled,NA,Scrambled,NA,NA,NA,NA,Scrambled,Scrambled,FALSE,NA,NA,NA,NA,0,NA,NA,NA,NA,NA,NA,NA
63,2623,NA,90,Paul,Soliai,DT,Inactive,"6'4""",345,1983-12-30T00:00:00,Utah,14,DL,FALSE,DEF,Paul Soliai,40,11th Season,30-Dec-83,https://s3-us-west-2.amazonaws.com/static.fantasydata.com/headshots/nfl/low-res/2623.png,NA,TB,0,P.Soliai,NA,Scrambled,Scrambled,NA,NA,NA,MIA,2007,4,134,FALSE,6,4,22,NA,Scrambled,NA,302288,f14dba2e-7714-4344-8800-feb6f78cf64e,NA,6348,NA,16114,9545,NA,NA,8362,Scrambled,Scrambled,NA,Scrambled,NA,NA,NA,NA,Scrambled,Scrambled,FALSE,NA,NA,NA,NA,0,NA,NA,NA,NA,NA,NA,NA
114,1362,NA,44,Jackie,Battle,FB,Inactive,"6'2""",240,1983-10-01T00:00:00,Houston,11,RB,FALSE,OFF,Jackie Battle,40,7th Season,1-Oct-83,https://s3-us-west-2.amazonaws.com/static.fantasydata.com/headshots/nfl/low-res/1362.png,NA,TB,0,J.Battle,NA,Scrambled,Scrambled,NA,NA,NA,DAL,2007,NA,NA,TRUE,6,2,22,6,Scrambled,NA,302842,192e6f3d-c0d0-474e-b102-7b6a9c5743d3,NA,NA,NA,NA,9671,6433,218429,NA,Scrambled,Scrambled,NA,Scrambled,NA,NA,NA,NA,Scrambled,Scrambled,FALSE,NA,NA,NA,NA,0,NA,NA,NA,NA,NA,NA,NA
4,6259,NA,30,LaRon,Landry,FS,Inactive,"6'0""",210,1984-10-14T00:00:00,LSU,12,DB,FALSE,DEF,LaRon Landry,39,8th Season,14-Oct-84,https://s3-us-west-2.amazonaws.com/static.fantasydata.com/headshots/nfl/low-res/6259.png,NA,BUF,0,L.Landry,NA,Scrambled,Scrambled,NA,NA,NA,WAS,2007,1,9,FALSE,6,0,6,NA,Scrambled,NA,300787,34150f4d-5646-4027-a85f-e74ed7eebfca,NA,NA,NA,NA,9371,NA,NA,NA,Scrambled,Scrambled,NA,Scrambled,NA,NA,NA,NA,Scrambled,Scrambled,FALSE,NA,NA,NA,NA,0,NA,NA,NA,NA,NA,NA,NA
17,12167,NA,27,Reggie,Nelson,FS,Inactive,"5'11""",202,1983-09-21T00:00:00,Florida,15,DB,FALSE,DEF,Reggie Nelson,40,12th Season,21-Sep-83,https://s3-us-west-2.amazonaws.com/static.fantasydata.com/headshots/nfl/low-res/12167.png,NA,KC,0,R.Nelson,NA,Scrambled,Scrambled,NA,NA,NA,JAX,2007,1,26,FALSE,5,11,2,NA,Scrambled,NA,300845,9029830c-1394-494f-a92c-e192697913cf,4164,5368,296140,22619,3235,NA,NA,8275,Scrambled,Scrambled,NA,Scrambled,NA,Reggie Nelson,Reggie Nelson,NA,Scrambled,Scrambled,FALSE,NA,NA,NA,NA,0,NA,NA,2397637,http://cdn.usatsimg.com/api/download/?imageID=10839694,http://cdn.usatsimg.com/api/download/?imageID=10839694,2018-05-16T16:16:19,2018-05-16T16:16:19
30,7243,NA,,Eric,Weddle,FS,Inactive,"5'11""",200,1985-01-04T00:00:00,Utah,17,DB,FALSE,DEF,Eric Weddle,39,14th Season,4-Jan-85,https://s3-us-west-2.amazonaws.com/static.fantasydata.com/headshots/nfl/low-res/7243.png,NA,CIN,0,E.Weddle,NA,Scrambled,Scrambled,NA,NA,NA,LAC,2007,2,46,FALSE,5,11,32,NA,Scrambled,NA,302544,26138e8b-b776-492a-9684-b1c07e51b25c,4223,5370,225448,5405,8790,NA,225448,8291,Scrambled,Scrambled,NA,Scrambled,NA,Eric Weddle,Eric Weddle,NA,Scrambled,Scrambled,FALSE,NA,NA,NA,NA,0,NA,NA,8292070,http://cdn.usatsimg.com/api/download/?imageID=13412160,http://cdn.usatsimg.com/api/download/?imageID=13421808,2019-09-25T12:58:37,2019-09-27T15:58:14
47,364,NA,26,Usama,Young,FS,Inactive,"6'0""",200,1985-05-08T00:00:00,Kent State,12,DB,FALSE,DEF,Usama Young,38,8th Season,8-May-85,https://s3-us-west-2.amazonaws.com/static.fantasydata.com/headshots/nfl/low-res/364.png,NA,DEN,0,U.Young,NA,Scrambled,Scrambled,NA,NA,NA,NO,2007,3,82,FALSE,6,0,36,NA,Scrambled,NA,302552,ab502cd5-aafc-4a70-a715-1d4a4c9f8a83,NA,NA,NA,NA,9635,NA,NA,NA,Scrambled,Scrambled,NA,Scrambled,NA,NA,NA,NA,Scrambled,Scrambled,FALSE,NA,NA,NA,NA,0,NA,NA,NA,NA,NA,NA,NA
72,5940,NA,38,Dashon,Goldson,FS,Inactive,"6'2""",200,1984-09-18T00:00:00,Washington,11,DB,FALSE,DEF,Dashon Goldson,39,9th Season,18-Sep-84,https://s3-us-west-2.amazonaws.com/static.fantasydata.com/headshots/nfl/low-res/5940.png,NA,NE,0,D.Goldson,NA,Scrambled,Scrambled,NA,NA,NA,SF,2007,4,156,FALSE,6,2,12,NA,Scrambled,NA,300844,8fd45946-17e7-4e01-91df-bb866f268309,4444,5531,NA,16604,9528,NA,NA,8380,Scrambled,Scrambled,NA,Scrambled,NA,NA,NA,NA,Scrambled,Scrambled,FALSE,NA,NA,NA,NA,0,NA,NA,NA,NA,NA,NA,NA
88,6853,NA,24,Corey,Graham,FS,Inactive,"6'0""",196,1985-07-25T00:00:00,New Hampshire,16,DB,FALSE,DEF,Corey Graham,38,13th Season,25-Jul-85,https://s3-us-west-2.amazonaws.com/static.fantasydata.com/headshots/nfl/low-res/6853.png,NA,NO,0,C.Graham,NA,Scrambled,Scrambled,NA,NA,NA,CHI,2007,5,208,FALSE,6,0,11,NA,Scrambled,NA,300499,93ee67e5-08d1-4272-bc6b-d97feaab5d6b,4318,5874,228604,32704,9633,NA,NA,8422,Scrambled,Scrambled,NA,Scrambled,NA,Corey Graham,Corey Graham,NA,Scrambled,Scrambled,FALSE,NA,NA,NA,NA,0,NA,NA,2393925,http://cdn.usatsimg.com/api/download/?imageID=10839895,NA,2018-05-16T17:08:32,NA
89,4122,NA,47,William,Gay,FS,Inactive,"5'10""",190,1985-01-01T00:00:00,Louisville,15,DB,FALSE,DEF,William Gay,39,12th Season,1-Jan-85,https://s3-us-west-2.amazonaws.com/static.fantasydata.com/headshots/nfl/low-res/4122.png,NA,JAX,0,W.Gay,NA,Scrambled,Scrambled,NA,NA,NA,PIT,2007,5,210,FALSE,5,10,26,NA,Scrambled,NA,300517,a2907a39-139b-483f-8369-e278c26a6951,4319,6211,229499,6211,9786,NA,NA,8424,Scrambled,Scrambled,NA,Scrambled,NA,William Gay,William Gay,NA,Scrambled,Scrambled,FALSE,NA,NA,NA,NA,0,NA,NA,4171,NA,NA,NA,NA
25,6140,NA,66,Ben,Grubbs,G,Inactive,"6'3""",315,1984-03-10T00:00:00,Auburn,11,OL,FALSE,OFF,Ben Grubbs,40,9th Season,10-Mar-84,https://s3-us-west-2.amazonaws.com/static.fantasydata.com/headshots/nfl/low-res/6140.png,NA,NE,0,B.Grubbs,NA,Scrambled,Scrambled,NA,NA,NA,BAL,2007,1,36,FALSE,6,3,12,NA,Scrambled,NA,302485,9ef3f249-6ff4-442e-84f4-b915f96aeb28,4212,5300,NA,7902,4665,NA,NA,NA,Scrambled,Scrambled,NA,Scrambled,NA,NA,NA,NA,Scrambled,Scrambled,FALSE,NA,NA,NA,NA,0,NA,NA,NA,NA,NA,NA,NA
32,5374,NA,63,Justin,Blalock,G,Inactive,"6'3""",333,1983-12-20T00:00:00,Texas,12,OL,FALSE,OFF,Justin Blalock,40,8th Season,20-Dec-83,https://s3-us-west-2.amazonaws.com/static.fantasydata.com/headshots/nfl/low-res/5374.png,NA,CAR,0,J.Blalock,NA,Scrambled,Scrambled,NA,NA,NA,ATL,2007,2,48,FALSE,6,3,12,NA,Scrambled,NA,302530,e2524e8f-d304-4c8b-8165-55a09daa4801,NA,NA,NA,NA,6449,NA,NA,NA,Scrambled,Scrambled,NA,Scrambled,NA,NA,NA,NA,Scrambled,Scrambled,FALSE,NA,NA,NA,NA,0,NA,NA,NA,NA,NA,NA,NA
54,7459,NA,,Marshal,Yanda,G,Inactive,"6'4""",315,1984-09-15T16:00:00,Iowa,16,OL,FALSE,OFF,Marshal Yanda,39,13th Season,15-Sep-84,https://s3-us-west-2.amazonaws.com/static.fantasydata.com/headshots/nfl/low-res/7459.png,NA,TEN,0,M.Yanda,NA,Scrambled,Scrambled,NA,NA,NA,BAL,2007,3,106,FALSE,6,4,16,NA,Scrambled,NA,302539,fafd2927-7e17-4e85-afa2-aa2c019229ed,4247,5394,NA,19713,9553,NA,NA,8340,Scrambled,Scrambled,NA,Scrambled,NA,NA,NA,NA,Scrambled,Scrambled,FALSE,NA,NA,NA,NA,0,NA,NA,6497990,http://cdn.usatsimg.com/api/download/?imageID=10430585,http://cdn.usatsimg.com/api/download/?imageID=10485587,2017-11-22T18:14:29,2017-12-18T21:48:32
65,5765,NA,64,Leroy,Harris,G,Inactive,"6'2""",303,1984-06-06T00:00:00,North Carolina State,11,OL,FALSE,OFF,Leroy Harris,39,7th Season,6-Jun-84,https://s3-us-west-2.amazonaws.com/static.fantasydata.com/headshots/nfl/low-res/0.png,NA,NA,0,L.Harris,NA,Scrambled,Scrambled,NA,NA,NA,TEN,2007,4,142,FALSE,6,2,NA,NA,Scrambled,NA,NA,,NA,NA,NA,NA,NA,NA,NA,NA,Scrambled,Scrambled,NA,Scrambled,NA,NA,NA,NA,Scrambled,Scrambled,FALSE,NA,NA,NA,NA,0,NA,NA,NA,NA,NA,NA,NA
67,4951,NA,63,Manuel,Ramirez,G,Inactive,"6'3""",326,1983-02-19T00:00:00,Texas Tech,12,OL,FALSE,OFF,Manuel Ramirez,41,10th Season,19-Feb-83,https://s3-us-west-2.amazonaws.com/static.fantasydata.com/headshots/nfl/low-res/4951.png,NA,HOU,0,M.Ramirez,NA,Scrambled,Scrambled,NA,NA,NA,DET,2007,4,145,FALSE,6,3,21,NA,Scrambled,NA,300268,55f094bf-4d4f-492f-b1de-7c4d6aec66a8,NA,7104,NA,15017,6071,NA,NA,8371,Scrambled,Scrambled,NA,Scrambled,NA,NA,NA,NA,Scrambled,Scrambled,FALSE,NA,NA,NA,NA,0,NA,NA,NA,NA,NA,NA,NA
80,6467,NA,74,Uche,Nwaneri,G,Inactive,"6'3""",329,1984-03-20T00:00:00,Purdue,11,OL,FALSE,OFF,Uche Nwaneri,39,7th Season,20-Mar-84,https://s3-us-west-2.amazonaws.com/static.fantasydata.com/headshots/nfl/low-res/0.png,NA,NA,0,U.Nwaneri,NA,Scrambled,Scrambled,NA,NA,NA,JAX,2007,5,184,FALSE,6,3,NA,NA,Scrambled,NA,302454,6e3e9355-311b-421d-b9cc-7db8da220431,NA,NA,NA,NA,9659,NA,NA,NA,Scrambled,Scrambled,NA,Scrambled,NA,NA,NA,NA,Scrambled,Scrambled,FALSE,NA,NA,NA,NA,0,NA,NA,NA,NA,NA,NA,NA
92,6268,NA,64,Kasey,Studdard,G,Inactive,"6'2""",302,1984-07-01T00:00:00,Texas,11,OL,FALSE,OFF,Kasey Studdard,39,7th Season,1-Jul-84,https://s3-us-west-2.amazonaws.com/static.fantasydata.com/headshots/nfl/low-res/0.png,NA,NA,0,K.Studdard,NA,Scrambled,Scrambled,NA,NA,NA,HOU,2007,6,227,FALSE,6,2,NA,NA,Scrambled,NA,NA,,NA,NA,NA,NA,NA,NA,NA,NA,Scrambled,Scrambled,NA,Scrambled,NA,NA,NA,NA,Scrambled,Scrambled,FALSE,NA,NA,NA,NA,0,NA,NA,NA,NA,NA,NA,NA
113,1292,NA,59,Rob,Turner,G,Inactive,"6'4""",308,1984-08-20T00:00:00,New Mexico,9,OL,FALSE,OFF,Rob Turner,39,6th Season,20-Aug-84,https://s3-us-west-2.amazonaws.com/static.fantasydata.com/headshots/nfl/low-res/0.png,NA,NA,0,R.Turner,NA,Scrambled,Scrambled,NA,NA,NA,NYJ,2007,NA,NA,TRUE,6,4,NA,NA,Scrambled,NA,300264,34c53ab4-4f21-4b02-9012-6f97b7451075,NA,NA,NA,NA,5505,NA,NA,NA,Scrambled,Scrambled,NA,Scrambled,NA,NA,NA,NA,Scrambled,Scrambled,FALSE,NA,NA,NA,NA,0,NA,NA,NA,NA,NA,NA,NA
9,511,NA,52,Patrick,Willis,ILB,Inactive,"6'1""",240,1985-01-25T00:00:00,Mississippi,12,LB,FALSE,DEF,Patrick Willis,39,8th Season,25-Jan-85,https://s3-us-west-2.amazonaws.com/static.fantasydata.com/headshots/nfl/low-res/511.png,NA,MIN,0,P.Willis,NA,Scrambled,Scrambled,NA,NA,NA,SF,2007,1,14,FALSE,6,1,25,NA,Scrambled,NA,301993,f27783fb-52a4-47a1-a096-20e67a983b4c,4171,NA,NA,NA,9369,NA,NA,NA,Scrambled,Scrambled,NA,Scrambled,NA,NA,NA,NA,Scrambled,Scrambled,FALSE,NA,NA,NA,NA,0,NA,NA,NA,NA,NA,NA,NA
21,7174,NA,52,Jon,Beason,ILB,Inactive,"6'0""",237,1985-01-14T00:00:00,Miami,11,LB,FALSE,DEF,Jon Beason,39,9th Season,14-Jan-85,https://s3-us-west-2.amazonaws.com/static.fantasydata.com/headshots/nfl/low-res/7174.png,NA,PHI,0,J.Beason,NA,Scrambled,Scrambled,NA,NA,NA,CAR,2007,1,31,FALSE,6,0,38,NA,Scrambled,NA,301824,7418f17b-2573-4e03-bfb3-87a3b6938f98,4192,5195,NA,NA,3793,NA,NA,8279,Scrambled,Scrambled,NA,Scrambled,NA,NA,NA,NA,Scrambled,Scrambled,FALSE,NA,NA,NA,NA,0,NA,NA,NA,NA,NA,NA,NA
28,4162,NA,,Paul,Posluszny,ILB,Inactive,"6'2""",238,1984-10-10T00:00:00,Penn State,15,LB,FALSE,DEF,Paul Posluszny,39,12th Season,10-Oct-84,https://s3-us-west-2.amazonaws.com/static.fantasydata.com/headshots/nfl/low-res/4162.png,NA,NO,0,P.Posluszny,NA,Scrambled,Scrambled,NA,NA,NA,BUF,2007,2,42,FALSE,6,2,11,NA,Scrambled,NA,301948,da7b724b-44ae-4ed6-9317-2d355063c4c2,4175,5327,242013,6956,9363,NA,NA,8288,Scrambled,Scrambled,NA,Scrambled,NA,Paul Posluszny,Paul Posluszny,NA,Scrambled,Scrambled,FALSE,NA,NA,NA,NA,0,NA,NA,5412,http://cdn.usatsimg.com/api/download/?imageID=7467691,NA,NA,NA
38,4992,NA,52,Justin,Durant,ILB,Inactive,"6'1""",240,1985-09-20T00:00:00,Hampton,14,LB,FALSE,DEF,Justin Durant,38,11th Season,20-Sep-85,https://s3-us-west-2.amazonaws.com/static.fantasydata.com/headshots/nfl/low-res/4992.png,NA,PHI,0,J.Durant,NA,Scrambled,Scrambled,NA,NA,NA,JAX,2007,2,59,FALSE,6,1,38,NA,Scrambled,NA,301981,ec0aad33-17bb-4689-92ab-847a3f28cd5c,NA,5329,NA,32663,9551,NA,NA,8302,Scrambled,Scrambled,NA,Scrambled,NA,Justin Durant,Justin Durant,NA,Scrambled,Scrambled,FALSE,NA,NA,NA,NA,0,NA,NA,NA,NA,NA,NA,NA
83,4702,NA,54,Will,Herring,ILB,Inactive,"6'3""",235,1983-08-28T00:00:00,Auburn,11,LB,FALSE,DEF,Will Herring,40,7th Season,28-Aug-83,https://s3-us-west-2.amazonaws.com/static.fantasydata.com/headshots/nfl/low-res/4702.png,NA,SEA,0,W.Herring,NA,Scrambled,Scrambled,NA,NA,NA,SEA,2007,5,199,FALSE,6,3,35,NA,Scrambled,NA,301951,dcb2f697-f9f6-4ffa-a417-3f2ec2229a5a,NA,NA,NA,NA,NA,NA,NA,NA,Scrambled,Scrambled,NA,Scrambled,NA,NA,NA,NA,Scrambled,Scrambled,FALSE,NA,NA,NA,NA,0,NA,NA,NA,NA,NA,NA,NA
91,4985,NA,55,Adam,Hayward,ILB,Inactive,"6'1""",240,1984-06-23T00:00:00,Portland State,12,LB,FALSE,DEF,Adam Hayward,39,10th Season,23-Jun-84,https://s3-us-west-2.amazonaws.com/static.fantasydata.com/headshots/nfl/low-res/4985.png,NA,PIT,0,A.Hayward,NA,Scrambled,Scrambled,NA,NA,NA,TB,2007,6,225,FALSE,6,1,14,NA,Scrambled,NA,301798,5ff4298d-2d58-4807-8313-52530155a594,NA,5424,NA,4709,9713,NA,NA,NA,Scrambled,Scrambled,NA,Scrambled,NA,NA,NA,NA,Scrambled,Scrambled,FALSE,NA,NA,NA,NA,0,NA,NA,NA,NA,NA,NA,NA
95,1003,NA,0,Desmond,Bishop,ILB,Inactive,"6'2""",238,1984-07-24T00:00:00,California,12,LB,FALSE,DEF,Desmond Bishop,39,8th Season,24-Jul-84,https://s3-us-west-2.amazonaws.com/static.fantasydata.com/headshots/nfl/low-res/1003.png,NA,PIT,0,D.Bishop,NA,Scrambled,Scrambled,NA,NA,NA,GB,2007,6,238,FALSE,6,2,14,NA,Scrambled,NA,301999,f8155833-0f2f-4237-bdac-98e1a5c67651,NA,5944,NA,NA,9576,NA,NA,8446,Scrambled,Scrambled,NA,Scrambled,NA,NA,NA,NA,Scrambled,Scrambled,FALSE,NA,NA,NA,NA,0,NA,NA,NA,NA,NA,NA,NA
117,2715,NA,54,Akeem,Jordan,ILB,Inactive,"6'1""",230,1985-08-17T00:00:00,James Madison,12,LB,FALSE,DEF,Akeem Jordan,38,8th Season,17-Aug-85,https://s3-us-west-2.amazonaws.com/static.fantasydata.com/headshots/nfl/low-res/2715.png,NA,IND,0,A.Jordan,NA,Scrambled,Scrambled,NA,NA,NA,PHI,2007,NA,NA,TRUE,6,1,31,NA,Scrambled,NA,301766,3c1c71d6-61ae-488e-829a-53befdde02fd,NA,NA,NA,NA,7344,NA,NA,NA,Scrambled,Scrambled,NA,Scrambled,NA,NA,NA,NA,Scrambled,Scrambled,FALSE,NA,NA,NA,NA,0,NA,NA,NA,NA,NA,NA,NA
123,4603,NA,53,Nick,Roach,ILB,Inactive,"6'1""",234,1985-06-16T00:00:00,Northwestern,12,LB,FALSE,DEF,Nick Roach,38,8th Season,16-Jun-85,https://s3-us-west-2.amazonaws.com/static.fantasydata.com/headshots/nfl/low-res/4603.png,NA,DEN,0,N.Roach,NA,Scrambled,Scrambled,NA,NA,NA,LAC,2007,NA,NA,TRUE,6,1,36,NA,Scrambled,NA,301877,9b7cd2e5-1e50-4fb3-a907-ac6e5e699ca8,NA,NA,NA,NA,9803,NA,NA,NA,Scrambled,Scrambled,NA,Scrambled,NA,NA,NA,NA,Scrambled,Scrambled,FALSE,NA,NA,NA,NA,0,NA,NA,NA,NA,NA,NA,NA
90,11694,NA,NA,Nick,Folk,K,Inactive,"6'1""",225,1984-11-05T00:00:00,Arizona,21,K,FALSE,ST,Nick Folk,39,17th Season,5-Nov-84,https://s3-us-west-2.amazonaws.com/static.fantasydata.com/headshots/nfl/low-res/11694.png,NA,JAX,0,N.Folk,475.4,Scrambled,Scrambled,NA,NA,NA,DAL,2007,6,220,FALSE,6,1,26,9,Scrambled,NA,300729,b37c621e-1125-4c35-bea0-fcabb1527060,4273,5365,213781,6554,9362,6642,213781,8432,Scrambled,Scrambled,NA,Scrambled,Nick Folk,Nick Folk,Nick Folk,NA,Scrambled,Scrambled,FALSE,NA,NA,NA,NA,0,NA,NA,8314435,http://cdn.usatsimg.com/api/download/?imageID=21307357,http://cdn.usatsimg.com/api/download/?imageID=21322491,2023-08-30T16:32:48,2023-09-01T16:13:41
96,1694,NA,NA,Mason,Crosby,K,Inactive,"6'1""",207,1984-09-03T00:00:00,Colorado,21,K,FALSE,ST,Mason Crosby,39,17th Season,3-Sep-84,https://s3-us-west-2.amazonaws.com/static.fantasydata.com/headshots/nfl/low-res/1694.png,NA,PHI,0,M.Crosby,974.3,Scrambled,Scrambled,NA,NA,NA,GB,2007,6,239,FALSE,6,1,38,17,Scrambled,NA,300740,e0856548-6fd5-4f83-9aa0-91f1bf4cbbd8,4182,5363,214574,3558,9535,6897,214574,8447,Scrambled,Scrambled,NA,Scrambled,Mason Crosby,Mason Crosby,Mason Crosby,NA,Scrambled,Scrambled,FALSE,NA,NA,NA,NA,0,NA,NA,8336107,http://cdn.usatsimg.com/api/download/?imageID=18994609,http://cdn.usatsimg.com/api/download/?imageID=19000821,2022-09-06T15:56:54,2022-09-07T17:00:13
37,184,NA,45,David,Harris,ILB,Inactive,"6'2""",250,1984-01-21T00:00:00,Michigan,15,LB,FALSE,DEF,David Harris,40,12th Season,21-Jan-84,https://s3-us-west-2.amazonaws.com/static.fantasydata.com/headshots/nfl/low-res/184.png,NA,WAS,0,D.Harris,NA,Scrambled,Scrambled,NA,NA,NA,NYJ,2007,2,58,FALSE,6,2,40,NA,Scrambled,NA,301924,c348bf8a-bc99-45fb-b1c8-04f487418d3c,4197,5342,215498,8888,9385,NA,NA,8301,Scrambled,Scrambled,NA,Scrambled,NA,David Harris,David Harris,NA,Scrambled,Scrambled,FALSE,NA,NA,NA,NA,0,NA,NA,4642,http://cdn.usatsimg.com/api/download/?imageID=10560703,http://cdn.usatsimg.com/api/download/?imageID=10839718,NA,NA
66,2194,NA,NA,Zak,DeOssie,LS,Inactive,"6'5""",250,1984-05-24T04:00:00,Brown,16,LS,FALSE,ST,Zak DeOssie,39,13th Season,24-May-84,https://s3-us-west-2.amazonaws.com/static.fantasydata.com/headshots/nfl/low-res/2194.png,NA,PHI,0,Z.DeOssie,NA,Scrambled,Scrambled,NA,NA,NA,NYG,2007,4,144,FALSE,6,5,38,22,Scrambled,NA,300231,c38a3fbc-f9af-4676-b905-4f101a99194d,NA,5347,NA,32792,9542,NA,232667,8370,Scrambled,Scrambled,NA,Scrambled,NA,Zak DeOssie,NA,NA,Scrambled,Scrambled,FALSE,NA,NA,NA,NA,0,NA,NA,6078009,http://cdn.usatsimg.com/api/download/?imageID=13122785,http://cdn.usatsimg.com/api/download/?imageID=11406674,2019-07-30T14:14:20,2018-10-09T16:53:01
108,12330,NA,NA,Clark,Harris,LS,Inactive,"6'5""",250,1984-07-10T00:00:00,Rutgers,19,LS,FALSE,ST,Clark Harris,39,15th Season,10-Jul-84,https://s3-us-west-2.amazonaws.com/static.fantasydata.com/headshots/nfl/low-res/12330.png,NA,KC,0,C.Harris,NA,Scrambled,Scrambled,NA,NA,NA,GB,2007,7,301,FALSE,6,5,2,9,Scrambled,NA,300238,d7eec5c7-c401-485e-b0c8-fb0784c07b27,NA,5308,216309,4667,9393,9409,216309,8497,Scrambled,Scrambled,NA,Scrambled,Clark Harris,Clark Harris,Clark Harris,NA,Scrambled,Scrambled,FALSE,NA,NA,NA,NA,0,216309,Clark Harris,8254333,http://cdn.usatsimg.com/api/download/?imageID=18990231,http://cdn.usatsimg.com/api/download/?imageID=18996060,2022-09-05T01:39:14,2022-09-06T20:58:34
124,5633,NA,61,Brett,Goode,LS,Inactive,"6'1""",255,1984-11-02T00:00:00,Arkansas,14,LS,FALSE,ST,Brett Goode,39,11th Season,2-Nov-84,https://s3-us-west-2.amazonaws.com/static.fantasydata.com/headshots/nfl/low-res/5633.png,NA,DET,0,B.Goode,NA,Scrambled,Scrambled,NA,NA,NA,JAX,2007,NA,NA,TRUE,6,1,30,31,Scrambled,NA,300232,c539cbe5-eecd-4890-ace8-ce93088f9a25,NA,7010,NA,8004,9497,NA,NA,9069,Scrambled,Scrambled,NA,Scrambled,NA,NA,NA,NA,Scrambled,Scrambled,FALSE,NA,NA,NA,NA,0,NA,NA,1855,http://cdn.usatsimg.com/api/download/?imageID=7457106,http://cdn.usatsimg.com/api/download/?imageID=10839732,NA,NA
81,669,NA,NA,Antonio,Johnson,NT,Inactive,"6'3""",310,1984-12-08T00:00:00,Mississippi State,12,DL,FALSE,DEF,Antonio Johnson,39,8th Season,8-Dec-84,https://s3-us-west-2.amazonaws.com/static.fantasydata.com/headshots/nfl/low-res/669.png,NA,PIT,0,A.Johnson,NA,Scrambled,Scrambled,NA,NA,NA,TEN,2007,NA,188,FALSE,6,3,14,NA,Scrambled,NA,302234,b8f2878e-7dcb-41b4-94ac-2179794dd95d,NA,NA,NA,NA,9579,NA,NA,NA,Scrambled,Scrambled,NA,Scrambled,NA,NA,NA,NA,Scrambled,Scrambled,FALSE,NA,NA,NA,NA,0,NA,NA,NA,NA,NA,NA,NA
94,3922,NA,75,Matt,Toeaina,NT,Inactive,"6'2""",308,1982-10-09T00:00:00,Oregon,8,DL,FALSE,DEF,Matt Toeaina,41,5th Season,9-Oct-82,https://s3-us-west-2.amazonaws.com/static.fantasydata.com/headshots/nfl/low-res/0.png,NA,NA,0,M.Toeaina,NA,Scrambled,Scrambled,NA,NA,NA,CIN,2007,NA,232,FALSE,6,2,NA,NA,Scrambled,NA,NA,,NA,NA,NA,NA,NA,NA,NA,NA,Scrambled,Scrambled,NA,Scrambled,NA,NA,NA,NA,Scrambled,Scrambled,FALSE,NA,NA,NA,NA,0,NA,NA,NA,NA,NA,NA,NA
116,2570,NA,97,Daniel,Muir,NT,Inactive,"6'2""",322,1983-09-12T00:00:00,Kent State,8,DL,FALSE,DEF,Daniel Muir,40,5th Season,12-Sep-83,https://s3-us-west-2.amazonaws.com/static.fantasydata.com/headshots/nfl/low-res/0.png,NA,NA,0,D.Muir,NA,Scrambled,Scrambled,NA,NA,NA,GB,2007,NA,NA,TRUE,6,2,NA,NA,Scrambled,NA,NA,,NA,NA,NA,NA,NA,NA,NA,NA,Scrambled,Scrambled,NA,Scrambled,NA,NA,NA,NA,Scrambled,Scrambled,FALSE,NA,NA,NA,NA,0,NA,NA,NA,NA,NA,NA,NA
13,7420,NA,94,Lawrence,Timmons,OLB,Inactive,"6'1""",234,1986-05-14T00:00:00,Florida State,15,LB,FALSE,DEF,Lawrence Timmons,37,12th Season,14-May-86,https://s3-us-west-2.amazonaws.com/static.fantasydata.com/headshots/nfl/low-res/7420.png,NA,BUF,0,L.Timmons,NA,Scrambled,Scrambled,NA,NA,NA,PIT,2007,1,19,FALSE,6,1,6,NA,Scrambled,NA,301736,1f60fcb6-e6a1-4cc6-9ef7-dd5d66bf0003,4195,5209,281356,17037,9216,NA,NA,8269,Scrambled,Scrambled,NA,Scrambled,NA,NA,NA,NA,Scrambled,Scrambled,FALSE,NA,NA,NA,NA,0,NA,NA,4574,http://cdn.usatsimg.com/api/download/?imageID=9510006,http://cdn.usatsimg.com/api/download/?imageID=10839842,NA,NA
22,4080,NA,99,Anthony,Spencer,OLB,Inactive,"6'3""",250,1984-01-23T00:00:00,Purdue,11,LB,FALSE,DEF,Anthony Spencer,40,9th Season,23-Jan-84,https://s3-us-west-2.amazonaws.com/static.fantasydata.com/headshots/nfl/low-res/4080.png,NA,IND,0,A.Spencer,NA,Scrambled,Scrambled,NA,NA,NA,DAL,2007,1,32,FALSE,6,3,31,NA,Scrambled,NA,301556,65859588-5da0-4df0-a339-6adf83287078,NA,NA,NA,NA,4900,NA,NA,NA,Scrambled,Scrambled,NA,Scrambled,NA,NA,NA,NA,Scrambled,Scrambled,FALSE,NA,NA,NA,NA,0,NA,NA,NA,NA,NA,NA,NA
36,711,NA,52,Lamarr,Woodley,OLB,Inactive,"6'1""",265,1984-11-03T00:00:00,Michigan,11,LB,FALSE,DEF,Lamarr Woodley,39,9th Season,3-Nov-84,https://s3-us-west-2.amazonaws.com/static.fantasydata.com/headshots/nfl/low-res/711.png,NA,CAR,0,L.Woodley,NA,Scrambled,Scrambled,NA,NA,NA,PIT,2007,2,57,FALSE,6,1,12,NA,Scrambled,NA,301947,d9f95cb5-2563-4119-91c5-841b0f2d4bb8,NA,5317,NA,6078,9388,NA,NA,8300,Scrambled,Scrambled,NA,Scrambled,NA,NA,NA,NA,Scrambled,Scrambled,FALSE,NA,NA,NA,NA,0,NA,NA,NA,NA,NA,NA,NA
55,5783,NA,55,Stewart,Bradley,OLB,Inactive,"6'4""",255,1983-11-02T00:00:00,Nebraska,11,LB,FALSE,DEF,Stewart Bradley,40,7th Season,2-Nov-83,https://s3-us-west-2.amazonaws.com/static.fantasydata.com/headshots/nfl/low-res/0.png,NA,NA,0,S.Bradley,NA,Scrambled,Scrambled,NA,NA,NA,PHI,2007,3,108,FALSE,6,4,NA,NA,Scrambled,NA,NA,,NA,NA,NA,NA,NA,NA,NA,NA,Scrambled,Scrambled,NA,Scrambled,NA,NA,NA,NA,Scrambled,Scrambled,FALSE,NA,NA,NA,NA,0,NA,NA,NA,NA,NA,NA,NA
64,2927,NA,54,Stephen,Nicholas,OLB,Inactive,"6'1""",232,1983-05-01T00:00:00,South Florida,11,LB,FALSE,DEF,Stephen Nicholas,40,7th Season,1-May-83,https://s3-us-west-2.amazonaws.com/static.fantasydata.com/headshots/nfl/low-res/0.png,NA,NA,0,S.Nicholas,NA,Scrambled,Scrambled,NA,NA,NA,ATL,2007,4,135,FALSE,6,1,NA,NA,Scrambled,NA,NA,,NA,NA,NA,NA,NA,NA,NA,NA,Scrambled,Scrambled,NA,Scrambled,NA,NA,NA,NA,Scrambled,Scrambled,FALSE,NA,NA,NA,NA,0,NA,NA,NA,NA,NA,NA,NA
69,15690,NA,98,Baraka,Atkins,OLB,Inactive,"6'4""",265,1984-08-28T00:00:00,Miami,5,LB,FALSE,DEF,Baraka Atkins,39,3rd Season,28-Aug-84,https://s3-us-west-2.amazonaws.com/static.fantasydata.com/headshots/nfl/low-res/0.png,NA,NA,0,B.Atkins,NA,Scrambled,Scrambled,NA,NA,NA,SEA,2007,4,149,FALSE,6,4,NA,NA,Scrambled,NA,NA,,NA,NA,NA,NA,NA,NA,NA,NA,Scrambled,Scrambled,NA,Scrambled,NA,NA,NA,NA,Scrambled,Scrambled,FALSE,NA,NA,NA,NA,0,NA,NA,NA,NA,NA,NA,NA
75,12385,NA,95,Antwan,Barnes,OLB,Inactive,"6'1""",251,1984-10-19T00:00:00,Florida International,11,LB,FALSE,DEF,Antwan Barnes,39,7th Season,19-Oct-84,https://s3-us-west-2.amazonaws.com/static.fantasydata.com/headshots/nfl/low-res/12385.png,NA,CLE,0,A.Barnes,NA,Scrambled,Scrambled,NA,NA,NA,BAL,2007,4,166,FALSE,6,1,3,NA,Scrambled,NA,301795,5e1c1890-521d-4980-8cff-9d29a29e7b82,NA,NA,NA,NA,9544,NA,NA,NA,Scrambled,Scrambled,NA,Scrambled,NA,NA,NA,NA,Scrambled,Scrambled,FALSE,NA,NA,NA,NA,0,NA,NA,NA,NA,NA,NA,NA
85,12304,NA,59,Tim,Shaw,OLB,Inactive,"6'1""",236,1984-03-27T00:00:00,Penn State,9,LB,FALSE,DEF,Tim Shaw,39,6th Season,27-Mar-84,https://s3-us-west-2.amazonaws.com/static.fantasydata.com/headshots/nfl/low-res/0.png,NA,NA,0,T.Shaw,NA,Scrambled,Scrambled,NA,NA,NA,CAR,2007,NA,203,FALSE,6,1,NA,NA,Scrambled,NA,NA,,NA,NA,NA,NA,NA,NA,NA,NA,Scrambled,Scrambled,NA,Scrambled,NA,NA,NA,NA,Scrambled,Scrambled,FALSE,NA,NA,NA,NA,0,NA,NA,NA,NA,NA,NA,NA
100,5775,NA,54,Zac,Diles,OLB,Inactive,"6'2""",245,1985-06-11T00:00:00,Kansas State,11,LB,FALSE,DEF,Zac Diles,38,7th Season,11-Jun-85,https://s3-us-west-2.amazonaws.com/static.fantasydata.com/headshots/nfl/low-res/0.png,NA,CAR,0,Z.Diles,NA,Scrambled,Scrambled,NA,NA,NA,HOU,2007,7,270,FALSE,6,2,12,NA,Scrambled,NA,301726,156a003e-f218-4676-8922-f80e1bf51f7f,NA,NA,NA,NA,9653,NA,NA,NA,Scrambled,Scrambled,NA,Scrambled,NA,NA,NA,NA,Scrambled,Scrambled,FALSE,NA,NA,NA,NA,0,NA,NA,NA,NA,NA,NA,NA
101,7089,NA,55,Marvin,Mitchell,OLB,Inactive,"6'3""",246,1984-10-21T00:00:00,Tennessee,11,LB,FALSE,DEF,Marvin Mitchell,39,7th Season,21-Oct-84,https://s3-us-west-2.amazonaws.com/static.fantasydata.com/headshots/nfl/low-res/0.png,NA,NA,0,M.Mitchell,NA,Scrambled,Scrambled,NA,NA,NA,NO,2007,7,272,FALSE,6,3,NA,NA,Scrambled,NA,NA,,NA,NA,NA,NA,NA,NA,NA,NA,Scrambled,Scrambled,NA,Scrambled,NA,NA,NA,NA,Scrambled,Scrambled,FALSE,NA,NA,NA,NA,0,NA,NA,NA,NA,NA,NA,NA
107,6390,NA,55,Keyunta,Dawson,OLB,Inactive,"6'3""",265,1985-09-13T00:00:00,Texas Tech,9,LB,FALSE,DEF,Keyunta Dawson,38,6th Season,13-Sep-85,https://s3-us-west-2.amazonaws.com/static.fantasydata.com/headshots/nfl/low-res/0.png,NA,NA,0,K.Dawson,NA,Scrambled,Scrambled,NA,NA,NA,IND,2007,7,300,FALSE,6,3,NA,NA,Scrambled,NA,302062,ca0dece2-4216-4c2f-98ee-95d82ce72d90,NA,NA,NA,NA,9460,NA,NA,NA,Scrambled,Scrambled,NA,Scrambled,NA,NA,NA,NA,Scrambled,Scrambled,FALSE,NA,NA,NA,NA,0,NA,NA,NA,NA,NA,NA,NA
115,1662,NA,96,Edgar,Jones,OLB,Inactive,"6'3""",262,1984-12-01T00:00:00,Southeast Missouri State,11,LB,FALSE,DEF,Edgar Jones,39,7th Season,1-Dec-84,https://s3-us-west-2.amazonaws.com/static.fantasydata.com/headshots/nfl/low-res/0.png,NA,NA,0,E.Jones,NA,Scrambled,Scrambled,NA,NA,NA,BAL,2007,NA,NA,TRUE,6,3,NA,NA,Scrambled,NA,NA,,NA,NA,NA,NA,NA,NA,NA,NA,Scrambled,Scrambled,NA,Scrambled,NA,NA,NA,NA,Scrambled,Scrambled,FALSE,NA,NA,NA,NA,0,NA,NA,NA,NA,NA,NA,NA
132,9958,NA,57,Jason,Trusnik,OLB,Inactive,"6'4""",252,1984-06-06T00:00:00,Ohio Northern,11,LB,FALSE,DEF,Jason Trusnik,39,9th Season,6-Jun-84,https://s3-us-west-2.amazonaws.com/static.fantasydata.com/headshots/nfl/low-res/9958.png,NA,ATL,0,J.Trusnik,NA,Scrambled,Scrambled,NA,NA,NA,NYJ,2007,NA,NA,TRUE,6,4,19,NA,Scrambled,NA,301931,c841722c-f71d-4a46-9a72-a0ce1605fa1f,NA,6294,NA,34842,9724,NA,NA,8623,Scrambled,Scrambled,NA,Scrambled,NA,NA,Peter Uihlein,NA,Scrambled,Scrambled,FALSE,NA,NA,NA,NA,0,NA,NA,NA,NA,NA,NA,NA
133,14003,NA,55,Justin,Hickman,OLB,Inactive,"6'1""",262,1985-07-20T00:00:00,UCLA,3,LB,FALSE,DEF,Justin Hickman,38,2nd Season,20-Jul-85,https://s3-us-west-2.amazonaws.com/static.fantasydata.com/headshots/nfl/low-res/0.png,NA,NA,0,J.Hickman,NA,Scrambled,Scrambled,NA,NA,NA,WAS,2007,NA,NA,TRUE,6,1,NA,NA,Scrambled,NA,NA,,NA,NA,NA,NA,NA,NA,NA,NA,Scrambled,Scrambled,NA,Scrambled,NA,NA,NA,NA,Scrambled,Scrambled,FALSE,NA,NA,NA,NA,0,NA,NA,NA,NA,NA,NA,NA
2,8135,NA,NA,Joe,Thomas,OT,Inactive,"6'7""",312,1984-12-04T00:00:00,Wisconsin,14,OL,FALSE,OFF,Joe Thomas,39,11th Season,4-Dec-84,https://s3-us-west-2.amazonaws.com/static.fantasydata.com/headshots/nfl/low-res/8135.png,NA,NYG,0,J.Thomas,NA,Scrambled,Scrambled,NA,NA,NA,CLE,2007,3,5,FALSE,6,7,28,NA,Scrambled,NA,302582,318b9670-1dde-4e65-a92f-65df6e80824d,4152,5232,NA,10951,14941,NA,NA,8257,Scrambled,Scrambled,NA,Scrambled,NA,NA,NA,NA,Scrambled,Scrambled,FALSE,NA,NA,NA,NA,0,NA,NA,4362,http://cdn.usatsimg.com/api/download/?imageID=10412515,http://cdn.usatsimg.com/api/download/?imageID=10835911,NA,NA
3,2066,NA,67,Levi,Brown,OT,Inactive,"6'5""",324,1984-03-16T00:00:00,Penn State,11,OL,FALSE,OFF,Levi Brown,40,7th Season,16-Mar-84,https://s3-us-west-2.amazonaws.com/static.fantasydata.com/headshots/nfl/low-res/0.png,NA,NA,0,L.Brown,NA,Scrambled,Scrambled,NA,NA,NA,ARI,2007,1,8,FALSE,6,5,NA,NA,Scrambled,NA,NA,,NA,NA,NA,NA,NA,NA,NA,NA,Scrambled,Scrambled,NA,Scrambled,NA,NA,NA,NA,Scrambled,Scrambled,FALSE,NA,NA,NA,NA,0,NA,NA,NA,NA,NA,NA,NA
24,1958,NA,NA,Joe,Staley,OT,Inactive,"6'5""",295,1984-08-30T04:00:00,Central Michigan,17,OL,FALSE,OFF,Joe Staley,39,14th Season,30-Aug-84,https://s3-us-west-2.amazonaws.com/static.fantasydata.com/headshots/nfl/low-res/1958.png,NA,KC,0,J.Staley,NA,Scrambled,Scrambled,NA,NA,NA,SF,2007,1,35,FALSE,6,5,2,NA,Scrambled,NA,302595,4d628a09-3631-4166-85f6-45f41a74e992,4213,5296,NA,2727,9627,NA,NA,8282,Scrambled,Scrambled,NA,Scrambled,NA,NA,NA,NA,Scrambled,Scrambled,FALSE,NA,NA,NA,NA,0,NA,NA,6076598,http://cdn.usatsimg.com/api/download/?imageID=9510352,http://cdn.usatsimg.com/api/download/?imageID=10835487,2016-09-01T03:50:10,2018-05-14T09:00:20
48,5135,NA,68,Ryan,Harris,OT,Inactive,"6'4""",300,1985-03-11T00:00:00,Notre Dame,11,OL,FALSE,OFF,Ryan Harris,39,9th Season,11-Mar-85,https://s3-us-west-2.amazonaws.com/static.fantasydata.com/headshots/nfl/low-res/5135.png,NA,NE,0,R.Harris,NA,Scrambled,Scrambled,NA,NA,NA,DEN,2007,3,87,FALSE,6,4,12,NA,Scrambled,NA,302628,9a8a3b4d-3e5c-4a65-a96e-cb9f0221b0e3,NA,5390,NA,7634,9625,NA,NA,8324,Scrambled,Scrambled,NA,Scrambled,NA,NA,NA,NA,Scrambled,Scrambled,FALSE,NA,NA,NA,NA,0,NA,NA,NA,NA,NA,NA,NA
68,2663,NA,73,Allen,Barbre,OT,Inactive,"6'4""",305,1984-06-22T00:00:00,Missouri Southern,14,OL,FALSE,OFF,Allen Barbre,39,11th Season,22-Jun-84,https://s3-us-west-2.amazonaws.com/static.fantasydata.com/headshots/nfl/low-res/2663.png,NA,KC,0,A.Barbre,NA,Scrambled,Scrambled,NA,NA,NA,GB,2007,4,147,FALSE,6,4,2,NA,Scrambled,NA,302573,21c07256-4cd8-4bf0-abcf-0d2682af2538,4454,6343,NA,34869,9516,NA,NA,8373,Scrambled,Scrambled,NA,Scrambled,NA,NA,NA,NA,Scrambled,Scrambled,FALSE,NA,NA,NA,NA,0,NA,NA,3694,http://cdn.usatsimg.com/api/download/?imageID=7485677,http://cdn.usatsimg.com/api/download/?imageID=10839810,NA,NA
70,3338,NA,68,Doug,Free,OT,Inactive,"6'6""",325,1984-01-16T00:00:00,Northern Illinois,12,OL,FALSE,OFF,Doug Free,40,10th Season,16-Jan-84,https://s3-us-west-2.amazonaws.com/static.fantasydata.com/headshots/nfl/low-res/3338.png,NA,GB,0,D.Free,NA,Scrambled,Scrambled,NA,NA,NA,DAL,2007,4,151,FALSE,6,6,17,NA,Scrambled,NA,302642,b3eadf6a-2c55-4b53-b5be-74fdb6700627,4456,7096,NA,16071,9621,NA,NA,8376,Scrambled,Scrambled,NA,Scrambled,NA,NA,NA,NA,Scrambled,Scrambled,FALSE,NA,NA,NA,NA,0,NA,NA,NA,NA,NA,NA,NA
71,7098,NA,74,Jermon,Bushrod,OT,Inactive,"6'5""",315,1984-08-19T00:00:00,Towson,16,OL,FALSE,OFF,Jermon Bushrod,39,13th Season,19-Aug-84,https://s3-us-west-2.amazonaws.com/static.fantasydata.com/headshots/nfl/low-res/7098.png,NA,LAR,0,J.Bushrod,NA,Scrambled,Scrambled,NA,NA,NA,NO,2007,4,155,FALSE,6,5,27,NA,Scrambled,NA,302641,b31b2a6b-1464-4c78-a19c-1f6ae627d519,4455,6327,NA,32929,9817,NA,NA,8379,Scrambled,Scrambled,NA,Scrambled,NA,NA,NA,NA,Scrambled,Scrambled,FALSE,NA,NA,NA,NA,0,NA,NA,2552254,http://cdn.usatsimg.com/api/download/?imageID=10835506,NA,2018-05-14T09:01:22,NA
98,10321,NA,78,Corey,Hilliard,OT,Inactive,"6'5""",300,1985-04-26T00:00:00,Oklahoma State,9,OL,FALSE,OFF,Corey Hilliard,38,6th Season,26-Apr-85,https://s3-us-west-2.amazonaws.com/static.fantasydata.com/headshots/nfl/low-res/10321.png,NA,CLE,0,C.Hilliard,NA,Scrambled,Scrambled,NA,NA,NA,NE,2007,6,259,FALSE,6,5,3,NA,Scrambled,NA,302611,737b3cc8-9def-4ecc-b1f2-b7c1037b3fde,NA,NA,NA,NA,9626,NA,NA,NA,Scrambled,Scrambled,NA,Scrambled,NA,NA,NA,NA,Scrambled,Scrambled,FALSE,NA,NA,NA,NA,0,NA,NA,NA,NA,NA,NA,NA
103,3221,NA,66,Mike,Otto,OT,Inactive,"6'5""",310,1983-07-24T00:00:00,Purdue,9,OL,FALSE,OFF,Mike Otto,40,6th Season,24-Jul-83,https://s3-us-west-2.amazonaws.com/static.fantasydata.com/headshots/nfl/low-res/0.png,NA,NA,0,M.Otto,NA,Scrambled,Scrambled,NA,NA,NA,TEN,2007,7,276,FALSE,6,5,NA,NA,Scrambled,NA,NA,,NA,NA,NA,NA,NA,NA,NA,NA,Scrambled,Scrambled,NA,Scrambled,NA,NA,NA,NA,Scrambled,Scrambled,FALSE,NA,NA,NA,NA,0,NA,NA,NA,NA,NA,NA,NA
105,12170,NA,45,Steve,Vallos,OT,Inactive,"6'3""",312,1983-12-28T00:00:00,Wake Forest,9,OL,FALSE,OFF,Steve Vallos,40,6th Season,28-Dec-83,https://s3-us-west-2.amazonaws.com/static.fantasydata.com/headshots/nfl/low-res/0.png,NA,NA,0,S.Vallos,NA,Scrambled,Scrambled,NA,NA,NA,SEA,2007,7,287,FALSE,6,3,NA,NA,Scrambled,NA,300325,f9c87103-362b-4c00-9453-a0b4dc963a06,NA,NA,NA,NA,9764,NA,NA,NA,Scrambled,Scrambled,NA,Scrambled,NA,NA,NA,NA,Scrambled,Scrambled,FALSE,NA,NA,NA,NA,0,NA,NA,NA,NA,NA,NA,NA
128,7254,NA,78,Jared,Gaither,OT,Inactive,"6'9""",335,1986-03-18T00:00:00,Maryland,9,OL,FALSE,OFF,Jared Gaither,37,6th Season,18-Mar-86,https://s3-us-west-2.amazonaws.com/static.fantasydata.com/headshots/nfl/low-res/0.png,NA,NA,0,J.Gaither,NA,Scrambled,Scrambled,NA,NA,NA,BAL,2007,5,NA,TRUE,6,9,NA,NA,Scrambled,NA,NA,,NA,NA,NA,NA,NA,NA,NA,NA,Scrambled,Scrambled,NA,Scrambled,NA,NA,NA,NA,Scrambled,Scrambled,FALSE,NA,NA,NA,NA,0,NA,NA,NA,NA,NA,NA,NA
59,5194,NA,4,Adam,Podlesh,P,Inactive,"5'11""",209,1983-08-11T00:00:00,Maryland,12,P,FALSE,ST,Adam Podlesh,40,8th Season,11-Aug-83,https://s3-us-west-2.amazonaws.com/static.fantasydata.com/headshots/nfl/low-res/0.png,NA,JAX,0,A.Podlesh,NA,Scrambled,Scrambled,NA,NA,NA,JAX,2007,4,125,FALSE,5,11,26,9,Scrambled,NA,302800,3141644c-384d-45d5-933c-686a3c83a32d,NA,NA,NA,NA,9665,NA,NA,NA,Scrambled,Scrambled,NA,Scrambled,NA,NA,NA,NA,Scrambled,Scrambled,FALSE,NA,NA,NA,NA,0,NA,NA,NA,NA,NA,NA,NA
104,7650,NA,4,Brandon,Fields,P,Inactive,"6'5""",245,1984-05-21T00:00:00,Michigan State,11,P,FALSE,ST,Brandon Fields,39,9th Season,21-May-84,https://s3-us-west-2.amazonaws.com/static.fantasydata.com/headshots/nfl/low-res/7650.png,NA,IND,0,B.Fields,NA,Scrambled,Scrambled,NA,NA,NA,MIA,2007,7,279,FALSE,6,5,31,37,Scrambled,NA,302821,c0ef0d99-8f3f-480e-a9b5-eeff5c8f7339,NA,NA,NA,NA,9819,NA,NA,8479,Scrambled,Scrambled,NA,Scrambled,NA,NA,NA,NA,Scrambled,Scrambled,FALSE,NA,NA,NA,NA,0,NA,NA,NA,NA,NA,NA,NA
118,3467,NA,6,Sav,Rocca,P,Inactive,"6'5""",265,1973-11-20T00:00:00,No College,11,P,FALSE,ST,Sav Rocca,50,7th Season,20-Nov-73,https://s3-us-west-2.amazonaws.com/static.fantasydata.com/headshots/nfl/low-res/0.png,NA,NA,0,S.Rocca,NA,Scrambled,Scrambled,NA,NA,NA,PHI,2007,NA,NA,TRUE,6,5,NA,NA,Scrambled,NA,NA,,NA,NA,NA,NA,NA,NA,NA,NA,Scrambled,Scrambled,NA,Scrambled,NA,NA,NA,NA,Scrambled,Scrambled,FALSE,NA,NA,NA,NA,0,NA,NA,NA,NA,NA,NA,NA
134,15693,NA,2,Ken,Parrish,P,Inactive,"6'1""",210,1984-06-22T00:00:00,East Stroudsburg,2,P,FALSE,ST,Ken Parrish,39,1st Season,22-Jun-84,https://s3-us-west-2.amazonaws.com/static.fantasydata.com/headshots/nfl/low-res/0.png,NA,NA,0,K.Parrish,NA,Scrambled,Scrambled,NA,NA,NA,SF,2007,NA,NA,TRUE,6,1,NA,NA,Scrambled,NA,NA,,NA,NA,NA,NA,NA,NA,NA,NA,Scrambled,Scrambled,NA,Scrambled,NA,NA,NA,NA,Scrambled,Scrambled,FALSE,NA,NA,NA,NA,0,NA,NA,NA,NA,NA,NA,NA
18,11838,NA,7,Brady,Quinn,QB,Inactive,"6'4""",235,1984-10-27T00:00:00,Notre Dame,11,QB,FALSE,OFF,Brady Quinn,39,7th Season,27-Oct-84,https://s3-us-west-2.amazonaws.com/static.fantasydata.com/headshots/nfl/low-res/0.png,NA,WAS,0,B.Quinn,NA,Scrambled,Scrambled,NA,NA,NA,CLE,2007,1,27,FALSE,6,4,40,40,Scrambled,NA,302697,37554760-5609-4cc2-8de2-379f2ba528b3,NA,NA,NA,NA,7807,NA,NA,NA,Scrambled,Scrambled,NA,Scrambled,NA,NA,NA,NA,Scrambled,Scrambled,FALSE,NA,NA,NA,NA,0,NA,NA,NA,NA,NA,NA,NA
29,7034,NA,4,Kevin,Kolb,QB,Inactive,"6'3""",218,1984-08-24T00:00:00,Houston,11,QB,FALSE,OFF,Kevin Kolb,39,7th Season,24-Aug-84,https://s3-us-west-2.amazonaws.com/static.fantasydata.com/headshots/nfl/low-res/0.png,NA,IND,0,K.Kolb,NA,Scrambled,Scrambled,NA,NA,NA,PHI,2007,2,45,FALSE,6,3,31,21,Scrambled,NA,NA,,NA,NA,NA,NA,NA,NA,NA,NA,Scrambled,Scrambled,NA,Scrambled,NA,NA,NA,NA,Scrambled,Scrambled,FALSE,NA,NA,NA,NA,0,NA,NA,NA,NA,NA,NA,NA
34,4737,NA,NA,Drew,Stanton,QB,Inactive,"6'3""",226,1984-05-07T00:00:00,Michigan State,17,QB,FALSE,OFF,Drew Stanton,39,14th Season,7-May-84,https://s3-us-west-2.amazonaws.com/static.fantasydata.com/headshots/nfl/low-res/4737.png,NA,KC,0,D.Stanton,NA,Scrambled,Scrambled,NA,NA,NA,DET,2007,2,53,FALSE,6,3,2,11,Scrambled,NA,302688,22fb2b54-4936-4e8a-a48d-62096c0c9bb1,4179,5251,215910,4675,8615,7744,215910,8297,Scrambled,Scrambled,NA,Scrambled,Drew Stanton,Drew Stanton,Drew Stanton,NA,Scrambled,Scrambled,FALSE,NA,NA,NA,NA,0,215910,Drew Stanton,8257163,http://cdn.usatsimg.com/api/download/?imageID=13412196,http://cdn.usatsimg.com/api/download/?imageID=13421811,2019-09-25T12:59:10,2019-09-27T15:58:22
56,12335,NA,5,Trent,Edwards,QB,Inactive,"6'4""",231,1983-10-30T00:00:00,Stanford,9,QB,FALSE,OFF,Trent Edwards,40,6th Season,30-Oct-83,https://s3-us-west-2.amazonaws.com/static.fantasydata.com/headshots/nfl/low-res/0.png,NA,CIN,0,T.Edwards,NA,Scrambled,Scrambled,NA,NA,NA,BUF,2007,3,114,FALSE,6,4,32,26,Scrambled,NA,302754,b6fd76a2-0cc1-4323-8379-d8d28d524098,NA,NA,NA,NA,9368,NA,214086,NA,Scrambled,Scrambled,NA,Scrambled,NA,NA,NA,NA,Scrambled,Scrambled,FALSE,NA,NA,NA,NA,0,NA,NA,NA,NA,NA,NA,NA
97,1482,NA,5,Jordan,Palmer,QB,Inactive,"6'6""",229,1984-05-30T00:00:00,Texas-El Paso,8,QB,FALSE,OFF,Jordan Palmer,39,5th Season,30-May-84,https://s3-us-west-2.amazonaws.com/static.fantasydata.com/headshots/nfl/low-res/0.png,NA,TB,0,J.Palmer,NA,Scrambled,Scrambled,NA,NA,NA,WAS,2007,6,254,FALSE,6,6,22,30,Scrambled,NA,302786,f4bb8ed1-d8cd-4e8c-97ca-60d299fa30ce,NA,NA,NA,NA,8601,NA,218924,NA,Scrambled,Scrambled,NA,Scrambled,NA,NA,NA,NA,Scrambled,Scrambled,FALSE,NA,NA,NA,NA,0,NA,NA,NA,NA,NA,NA,NA
126,5834,NA,NA,Matt,Moore,QB,Inactive,"6'3""",219,1984-08-09T00:00:00,Oregon State,16,QB,FALSE,OFF,Matt Moore,39,13th Season,9-Aug-84,https://s3-us-west-2.amazonaws.com/static.fantasydata.com/headshots/nfl/low-res/5834.png,NA,TB,0,M.Moore,NA,Scrambled,Scrambled,NA,NA,NA,DAL,2007,NA,NA,TRUE,6,3,22,30,Scrambled,NA,302724,76d7615e-8eb5-4761-b6a6-1e895d01baf3,4535,5432,214201,4440,7797,6808,214201,8544,Scrambled,Scrambled,NA,Scrambled,Matt Moore,Matt Moore,Matt Moore,NA,Scrambled,Scrambled,FALSE,NA,NA,NA,NA,0,214201,Matt Moore,8080150,http://cdn.usatsimg.com/api/download/?imageID=14888528,http://cdn.usatsimg.com/api/download/?imageID=14888527,2020-09-07T03:03:40,2020-09-07T03:03:39
5,4807,NA,NA,Adrian,Peterson,RB,Inactive,"6'1""",220,1985-03-21T00:00:00,Oklahoma,17,RB,FALSE,OFF,Adrian Peterson,38,14th Season,21-Mar-85,https://s3-us-west-2.amazonaws.com/static.fantasydata.com/headshots/nfl/low-res/4807.png,NA,ARI,0,A.Peterson,929.7,Scrambled,Scrambled,NA,NA,NA,MIN,2007,1,11,FALSE,6,1,37,40,Scrambled,NA,300140,ab58c0ac-a747-47e6-9b3c-505e41d2bd3d,4169,5215,267443,12967,5131,6703,267443,8261,Scrambled,Scrambled,NA,Scrambled,Adrian Peterson,Adrian Peterson,Adrian Peterson,NA,Scrambled,Scrambled,FALSE,NA,NA,NA,NA,0,267443,Adrian Peterson,8289180,http://cdn.usatsimg.com/api/download/?imageID=17121878,http://cdn.usatsimg.com/api/download/?imageID=17121945,2021-11-08T18:09:24,2021-11-08T18:45:11
10,12386,NA,NA,Marshawn,Lynch,RB,Inactive,"5'11""",215,1986-04-22T00:00:00,California,16,RB,FALSE,OFF,Marshawn Lynch,37,13th Season,22-Apr-86,https://s3-us-west-2.amazonaws.com/static.fantasydata.com/headshots/nfl/low-res/12386.png,NA,GB,0,M.Lynch,NA,Scrambled,Scrambled,NA,NA,NA,BUF,2007,1,15,FALSE,5,11,17,27,Scrambled,NA,300112,82bce0be-9a87-4b6d-a85b-623bf8d1674e,4186,5202,269221,14113,9381,9371,269221,8266,Scrambled,Scrambled,NA,Scrambled,Marshawn Lynch,Marshawn Lynch,Marshawn Lynch,NA,Scrambled,Scrambled,FALSE,NA,NA,NA,NA,0,269221,Marshawn Lynch,6075689,http://cdn.usatsimg.com/api/download/?imageID=7414301,http://cdn.usatsimg.com/api/download/?imageID=10839734,2013-09-03T15:22:02,2018-05-16T16:37:38
40,8438,NA,40,Brian,Leonard,RB,Inactive,"6'1""",230,1984-02-03T00:00:00,Rutgers,11,RB,FALSE,OFF,Brian Leonard,40,7th Season,3-Feb-84,https://s3-us-west-2.amazonaws.com/static.fantasydata.com/headshots/nfl/low-res/0.png,NA,TEN,0,B.Leonard,NA,Scrambled,Scrambled,NA,NA,NA,LAR,2007,2,64,FALSE,6,1,16,8,Scrambled,NA,302981,b3f527c8-5744-4751-8f54-1677fbb32aca,NA,NA,216312,NA,NA,6745,NA,NA,Scrambled,Scrambled,NA,Scrambled,Brian Leonard,NA,NA,NA,Scrambled,Scrambled,FALSE,NA,NA,NA,NA,0,NA,NA,NA,NA,NA,NA,NA
46,3898,NA,27,Brandon,Jackson,RB,Inactive,"5'10""",216,1985-10-02T00:00:00,Nebraska,11,RB,FALSE,OFF,Brandon Jackson,38,7th Season,2-Oct-85,https://s3-us-west-2.amazonaws.com/static.fantasydata.com/headshots/nfl/low-res/0.png,NA,NA,0,B.Jackson,NA,Scrambled,Scrambled,NA,NA,NA,GB,2007,2,78,FALSE,5,10,NA,NA,Scrambled,NA,NA,,NA,NA,NA,NA,NA,NA,NA,NA,Scrambled,Scrambled,NA,Scrambled,NA,NA,NA,NA,Scrambled,Scrambled,FALSE,NA,NA,NA,NA,0,NA,NA,NA,NA,NA,NA,NA
58,371,NA,29,Michael,Bush,RB,Inactive,"6'1""",245,1984-06-16T00:00:00,Louisville,9,RB,FALSE,OFF,Michael Bush,39,6th Season,16-Jun-84,https://s3-us-west-2.amazonaws.com/static.fantasydata.com/headshots/nfl/low-res/0.png,NA,KC,0,M.Bush,NA,Scrambled,Scrambled,NA,NA,NA,LV,2007,4,124,FALSE,6,1,2,12,Scrambled,NA,302978,87935190-fa32-488f-b2a1-daa9b9ce1496,NA,NA,NA,NA,NA,7807,NA,NA,Scrambled,Scrambled,NA,Scrambled,NA,NA,NA,NA,Scrambled,Scrambled,FALSE,NA,NA,NA,NA,0,NA,NA,NA,NA,NA,NA,NA
76,3312,NA,33,LeRon,McClain,RB,Inactive,"6'0""",260,1984-12-27T00:00:00,Alabama,11,RB,FALSE,OFF,LeRon McClain,39,7th Season,27-Dec-84,https://s3-us-west-2.amazonaws.com/static.fantasydata.com/headshots/nfl/low-res/0.png,NA,DET,0,L.McClain,NA,Scrambled,Scrambled,NA,NA,NA,BAL,2007,4,170,FALSE,6,0,30,2,Scrambled,NA,NA,,NA,NA,NA,NA,NA,NA,NA,NA,Scrambled,Scrambled,NA,Scrambled,NA,NA,NA,NA,Scrambled,Scrambled,FALSE,NA,NA,NA,NA,0,NA,NA,NA,NA,NA,NA,NA
99,9940,NA,42,Tyler,Thigpen,RB,Inactive,"6'1""",224,1984-04-14T00:00:00,Coastal Carolina,11,RB,FALSE,OFF,Tyler Thigpen,39,7th Season,14-Apr-84,https://s3-us-west-2.amazonaws.com/static.fantasydata.com/headshots/nfl/low-res/0.png,NA,NYJ,0,T.Thigpen,NA,Scrambled,Scrambled,NA,NA,NA,MIN,2007,7,269,FALSE,6,1,9,32,Scrambled,NA,302971,54d4d41b-5999-40ce-9395-9bd086564951,NA,NA,NA,NA,NA,NA,228083,NA,Scrambled,Scrambled,NA,Scrambled,NA,NA,NA,NA,Scrambled,Scrambled,FALSE,NA,NA,NA,NA,0,NA,NA,NA,NA,NA,NA,NA
109,5412,NA,44,Jason,Snelling,RB,Inactive,"5'11""",229,1983-12-29T00:00:00,Virginia,11,RB,FALSE,OFF,Jason Snelling,40,7th Season,29-Dec-83,https://s3-us-west-2.amazonaws.com/static.fantasydata.com/headshots/nfl/low-res/0.png,NA,PHI,0,J.Snelling,NA,Scrambled,Scrambled,NA,NA,NA,ATL,2007,7,302,FALSE,5,11,38,12,Scrambled,NA,NA,,NA,NA,NA,NA,NA,NA,NA,NA,Scrambled,Scrambled,NA,Scrambled,NA,NA,NA,NA,Scrambled,Scrambled,FALSE,NA,NA,NA,NA,0,NA,NA,NA,NA,NA,NA,NA
110,2220,NA,44,Ahmad,Bradshaw,RB,Inactive,"5'9""",214,1986-03-19T00:00:00,Marshall,12,RB,FALSE,OFF,Ahmad Bradshaw,37,8th Season,19-Mar-86,https://s3-us-west-2.amazonaws.com/static.fantasydata.com/headshots/nfl/low-res/2220.png,NA,TEN,0,A.Bradshaw,NA,Scrambled,Scrambled,NA,NA,NA,NYG,2007,7,310,FALSE,5,9,16,8,Scrambled,NA,300121,8f22eb36-5282-407a-b6f9-f9b62e5f7318,4305,5267,267892,17291,8191,6497,267892,8504,Scrambled,Scrambled,NA,Scrambled,NA,NA,NA,NA,Scrambled,Scrambled,FALSE,NA,NA,NA,NA,0,NA,NA,NA,NA,NA,NA,NA
111,957,NA,39,Pierre,Thomas,RB,Inactive,"5'11""",215,1984-12-18T00:00:00,Illinois,12,RB,FALSE,OFF,Pierre Thomas,39,8th Season,18-Dec-84,https://s3-us-west-2.amazonaws.com/static.fantasydata.com/headshots/nfl/low-res/957.png,NA,GB,0,P.Thomas,NA,Scrambled,Scrambled,NA,NA,NA,NO,2007,NA,NA,TRUE,5,11,17,27,Scrambled,NA,300181,e2782d05-3e61-4c4f-93a6-70eed054e5ba,4503,5517,215734,4174,10115,7904,215734,8561,Scrambled,Scrambled,NA,Scrambled,NA,NA,NA,NA,Scrambled,Scrambled,FALSE,NA,NA,NA,NA,0,NA,NA,NA,NA,NA,NA,NA
119,3600,NA,28,DJ,Ware,RB,Inactive,"6'0""",225,1985-02-18T00:00:00,Georgia,8,RB,FALSE,OFF,DJ Ware,39,5th Season,18-Feb-85,https://s3-us-west-2.amazonaws.com/static.fantasydata.com/headshots/nfl/low-res/0.png,NA,NA,0,D.Ware,NA,Scrambled,Scrambled,NA,NA,NA,TEN,2007,7,NA,TRUE,6,0,NA,NA,Scrambled,NA,NA,,NA,NA,NA,NA,NA,NA,NA,NA,Scrambled,Scrambled,NA,Scrambled,NA,NA,NA,NA,Scrambled,Scrambled,FALSE,NA,NA,NA,NA,0,NA,NA,NA,NA,NA,NA,NA
62,5841,NA,NA,Tanard,Jackson,DB,Inactive,"6'0""",200,1985-07-21T00:00:00,Syracuse,8,DB,FALSE,DEF,Tanard Jackson,38,5th Season,21-Jul-85,https://s3-us-west-2.amazonaws.com/static.fantasydata.com/headshots/nfl/low-res/5841.png,NA,MIA,0,T.Jackson,NA,Scrambled,Scrambled,NA,NA,NA,TB,2007,4,131,FALSE,6,0,20,NA,Scrambled,NA,302546,3dde6cbb-35f7-4618-91ac-d16d87ea7e70,NA,NA,NA,NA,9336,NA,NA,NA,Scrambled,Scrambled,NA,Scrambled,NA,NA,NA,NA,Scrambled,Scrambled,FALSE,NA,NA,NA,NA,0,NA,NA,NA,NA,NA,NA,NA
15,1286,NA,22,Michael,Griffin,SS,Inactive,"6'0""",203,1985-01-04T00:00:00,Texas,12,DB,FALSE,DEF,Michael Griffin,39,10th Season,4-Jan-85,https://s3-us-west-2.amazonaws.com/static.fantasydata.com/headshots/nfl/low-res/1286.png,NA,TB,0,M.Griffin,NA,Scrambled,Scrambled,NA,NA,NA,TEN,2007,1,24,FALSE,6,0,22,NA,Scrambled,NA,300858,a7a09040-0fcc-41fe-a1ef-08963913be5f,NA,5367,NA,13888,9400,NA,NA,8273,Scrambled,Scrambled,NA,Scrambled,NA,NA,NA,NA,Scrambled,Scrambled,FALSE,NA,NA,NA,NA,0,NA,NA,NA,NA,NA,NA,NA
20,3760,NA,22,Brandon,Meriweather,SS,Inactive,"5'11""",200,1984-01-14T00:00:00,Miami,12,DB,FALSE,DEF,Brandon Meriweather,40,8th Season,14-Jan-84,https://s3-us-west-2.amazonaws.com/static.fantasydata.com/headshots/nfl/low-res/3760.png,NA,PHI,0,B.Meriweather,NA,Scrambled,Scrambled,NA,NA,NA,NE,2007,1,30,FALSE,5,11,38,NA,Scrambled,NA,302545,32e4b488-5109-4186-963e-ce7907dfc9e1,NA,5369,216426,12386,9399,NA,NA,8278,Scrambled,Scrambled,NA,Scrambled,NA,NA,NA,NA,Scrambled,Scrambled,FALSE,NA,NA,NA,NA,0,NA,NA,NA,NA,NA,NA,NA
86,3187,NA,37,Eric,Frampton,SS,Inactive,"5'11""",205,1984-02-06T00:00:00,Washington State,11,DB,FALSE,DEF,Eric Frampton,40,7th Season,6-Feb-84,https://s3-us-west-2.amazonaws.com/static.fantasydata.com/headshots/nfl/low-res/0.png,NA,NA,0,E.Frampton,NA,Scrambled,Scrambled,NA,NA,NA,LV,2007,5,204,FALSE,5,11,NA,NA,Scrambled,NA,NA,,NA,NA,NA,NA,NA,NA,NA,NA,Scrambled,Scrambled,NA,Scrambled,NA,NA,NA,NA,Scrambled,Scrambled,FALSE,NA,NA,NA,NA,0,NA,NA,NA,NA,NA,NA,NA
93,12185,NA,29,John,Wendling,SS,Inactive,"6'1""",222,1983-06-04T00:00:00,Wyoming,11,DB,FALSE,DEF,John Wendling,40,7th Season,4-Jun-83,https://s3-us-west-2.amazonaws.com/static.fantasydata.com/headshots/nfl/low-res/0.png,NA,NA,0,J.Wendling,NA,Scrambled,Scrambled,NA,NA,NA,BUF,2007,6,228,FALSE,6,1,NA,NA,Scrambled,NA,NA,,NA,NA,NA,NA,NA,NA,NA,NA,Scrambled,Scrambled,NA,Scrambled,NA,NA,NA,NA,Scrambled,Scrambled,FALSE,NA,NA,NA,NA,0,NA,NA,NA,NA,NA,NA,NA
127,6310,NA,27,James,Ihedigbo,SS,Inactive,"6'1""",215,1983-12-03T00:00:00,Massachusetts,12,DB,FALSE,DEF,James Ihedigbo,40,8th Season,3-Dec-83,https://s3-us-west-2.amazonaws.com/static.fantasydata.com/headshots/nfl/low-res/6310.png,NA,NYJ,0,J.Ihedigbo,NA,Scrambled,Scrambled,NA,NA,NA,NYJ,2007,NA,NA,TRUE,6,1,9,NA,Scrambled,NA,302890,bf46fb03-b257-413f-af21-6823e00c81b5,NA,7115,NA,33700,10096,NA,NA,9133,Scrambled,Scrambled,NA,Scrambled,NA,NA,NA,NA,Scrambled,Scrambled,FALSE,NA,NA,NA,NA,0,NA,NA,NA,NA,NA,NA,NA
131,9263,NA,43,Craig,Dahl,SS,Inactive,"6'2""",209,1985-06-17T00:00:00,North Dakota State,11,DB,FALSE,DEF,Craig Dahl,38,9th Season,17-Jun-85,https://s3-us-west-2.amazonaws.com/static.fantasydata.com/headshots/nfl/low-res/9263.png,NA,PHI,0,C.Dahl,NA,Scrambled,Scrambled,NA,NA,NA,NYG,2007,3,NA,TRUE,6,2,38,NA,Scrambled,NA,300903,e3dd75f8-7b4c-420d-8f0f-a95b8a90ab66,NA,7164,NA,34868,9739,NA,NA,8568,Scrambled,Scrambled,NA,Scrambled,NA,NA,NA,NA,Scrambled,Scrambled,FALSE,NA,NA,NA,NA,0,NA,NA,NA,NA,NA,NA,NA
26,1658,NA,NA,Greg,Olsen,TE,Inactive,"6'5""",255,1985-03-11T00:00:00,Miami (FL),19,TE,FALSE,OFF,Greg Olsen,39,15th Season,11-Mar-85,https://s3-us-west-2.amazonaws.com/static.fantasydata.com/headshots/nfl/low-res/1658.png,NA,LAR,0,G.Olsen,NA,Scrambled,Scrambled,NA,NA,NA,CHI,2007,1,38,FALSE,6,5,27,38,Scrambled,NA,301364,587d0a98-7ec5-45a5-adba-8af26e8f256b,4190,5206,230925,12417,9182,6914,230925,8285,Scrambled,Scrambled,NA,Scrambled,Greg Olsen,Greg Olsen,Greg Olsen,NA,Scrambled,Scrambled,FALSE,NA,NA,NA,NA,0,230925,Greg Olsen,8249204,http://cdn.usatsimg.com/api/download/?imageID=14883360,http://cdn.usatsimg.com/api/download/?imageID=14883361,2020-09-05T16:17:07,2020-09-05T16:17:39
31,4484,NA,86,Zach,Miller,TE,Inactive,"6'4""",255,1985-12-11T00:00:00,Arizona State,12,TE,FALSE,OFF,Zach Miller,38,8th Season,11-Dec-85,https://s3-us-west-2.amazonaws.com/static.fantasydata.com/headshots/nfl/low-res/4484.png,NA,NE,0,Z.Miller,NA,Scrambled,Scrambled,NA,NA,NA,LV,2007,2,47,FALSE,6,4,12,2,Scrambled,NA,301308,09cbfefb-2ef4-4d07-8ac3-fafccc9a2106,NA,NA,NA,NA,8780,7799,263661,NA,Scrambled,Scrambled,NA,Scrambled,NA,NA,NA,NA,Scrambled,Scrambled,FALSE,NA,NA,NA,NA,0,NA,NA,NA,NA,NA,NA,NA
50,6293,NA,89,Matt,Spaeth,TE,Inactive,"6'7""",270,1983-11-24T00:00:00,Minnesota,12,TE,FALSE,OFF,Matt Spaeth,40,10th Season,24-Nov-83,https://s3-us-west-2.amazonaws.com/static.fantasydata.com/headshots/nfl/low-res/6293.png,NA,WAS,0,M.Spaeth,NA,Scrambled,Scrambled,NA,NA,NA,PIT,2007,3,95,FALSE,6,7,40,14,Scrambled,NA,301309,0a40642d-f976-4077-9494-c627e28571de,4206,5304,215944,5105,9365,6595,215944,8331,Scrambled,Scrambled,NA,Scrambled,Matt Spaeth,NA,NA,NA,Scrambled,Scrambled,FALSE,NA,NA,NA,NA,0,NA,NA,NA,NA,NA,NA,NA
61,10158,NA,86,Isaiah,Stanback,TE,Inactive,"6'2""",228,1984-08-16T00:00:00,Washington,8,TE,FALSE,OFF,Isaiah Stanback,39,5th Season,16-Aug-84,https://s3-us-west-2.amazonaws.com/static.fantasydata.com/headshots/nfl/low-res/0.png,NA,NA,0,I.Stanback,NA,Scrambled,Scrambled,NA,NA,NA,DAL,2007,4,128,FALSE,6,2,NA,NA,Scrambled,NA,NA,,NA,NA,NA,NA,NA,NA,NA,NA,Scrambled,Scrambled,NA,Scrambled,NA,NA,NA,NA,Scrambled,Scrambled,FALSE,NA,NA,NA,NA,0,NA,NA,NA,NA,NA,NA,NA
73,12548,NA,88,Scott,Chandler,TE,Inactive,"6'7""",272,1985-07-23T00:00:00,Iowa,12,TE,FALSE,OFF,Scott Chandler,38,8th Season,23-Jul-85,https://s3-us-west-2.amazonaws.com/static.fantasydata.com/headshots/nfl/low-res/12548.png,NA,DEN,0,S.Chandler,NA,Scrambled,Scrambled,NA,NA,NA,LAC,2007,4,160,FALSE,6,7,36,40,Scrambled,NA,301465,db1af021-0d38-4b01-86e8-8b4cc1126064,4257,5303,215769,8366,9257,10158,215769,8383,Scrambled,Scrambled,NA,Scrambled,NA,NA,NA,NA,Scrambled,Scrambled,FALSE,NA,NA,NA,NA,0,NA,NA,NA,NA,NA,NA,NA
82,2332,NA,88,Dante,Rosario,TE,Inactive,"6'3""",250,1984-10-25T00:00:00,Oregon,11,TE,FALSE,OFF,Dante Rosario,39,9th Season,25-Oct-84,https://s3-us-west-2.amazonaws.com/static.fantasydata.com/headshots/nfl/low-res/2332.png,NA,GB,0,D.Rosario,NA,Scrambled,Scrambled,NA,NA,NA,CAR,2007,5,192,FALSE,6,3,17,32,Scrambled,NA,301458,d4ace3ac-094b-4a3d-b526-9962c8b90bc8,NA,NA,214030,NA,NA,7443,214030,8409,Scrambled,Scrambled,NA,Scrambled,NA,NA,NA,NA,Scrambled,Scrambled,FALSE,NA,NA,NA,NA,0,NA,NA,NA,NA,NA,NA,NA
84,5511,NA,87,Brent,Celek,TE,Inactive,"6'4""",255,1985-01-25T00:00:00,Cincinnati,15,TE,FALSE,OFF,Brent Celek,39,12th Season,25-Jan-85,https://s3-us-west-2.amazonaws.com/static.fantasydata.com/headshots/nfl/low-res/5511.png,NA,NE,0,B.Celek,NA,Scrambled,Scrambled,NA,NA,NA,PHI,2007,5,201,FALSE,6,4,12,2,Scrambled,NA,301374,645a8bf9-2079-4df4-904a-3d8f08438b85,4269,5403,229510,3932,9603,6742,229510,8416,Scrambled,Scrambled,NA,Scrambled,Brent Celek,Brent Celek,Brent Celek,NA,Scrambled,Scrambled,FALSE,NA,NA,NA,NA,0,229510,Brent Celek,2765,http://cdn.usatsimg.com/api/download/?imageID=10560545,http://cdn.usatsimg.com/api/download/?imageID=10839838,NA,NA
1,6029,NA,81,Calvin,Johnson,WR,Inactive,"6'5""",236,1985-09-29T00:00:00,Georgia Tech,11,WR,FALSE,OFF,Calvin Johnson,38,9th Season,29-Sep-85,https://s3-us-west-2.amazonaws.com/static.fantasydata.com/headshots/nfl/low-res/6029.png,NA,CHI,0,C.Johnson,NA,Scrambled,Scrambled,NA,NA,NA,DET,2007,1,3,FALSE,6,5,24,21,Scrambled,NA,300983,2c56748d-6e13-495c-bec2-de67a8683fa0,4153,5189,266919,17668,9383,6655,266919,8256,Scrambled,Scrambled,NA,Scrambled,NA,NA,NA,NA,Scrambled,Scrambled,FALSE,NA,NA,NA,NA,0,NA,NA,NA,NA,NA,NA,NA
7,12109,NA,NA,Ted,Ginn Jr.,WR,Inactive,"5'11""",180,1985-04-12T00:00:00,Ohio State,17,WR,FALSE,OFF,Ted Ginn Jr.,38,14th Season,12-Apr-85,https://s3-us-west-2.amazonaws.com/static.fantasydata.com/headshots/nfl/low-res/12109.png,NA,TEN,0,T.Ginn Jr.,NA,Scrambled,Scrambled,NA,NA,NA,MIA,2007,1,11,FALSE,5,11,16,27,Scrambled,NA,301005,3aef6950-1c19-4454-a3d0-0afe9634ea9f,4168,5214,246804,9902,9380,6627,246804,8263,Scrambled,Scrambled,NA,Scrambled,Ted Ginn Jr.,Ted Ginn Jr.,Ted Ginn Jr.,NA,Scrambled,Scrambled,FALSE,NA,NA,NA,NA,0,246804,Ted Ginn Jr.,7106887,http://cdn.usatsimg.com/api/download/?imageID=10562502,http://cdn.usatsimg.com/api/download/?imageID=10839274,2018-01-24T21:10:49,2018-05-16T10:58:48
19,7203,NA,80,Dwayne,Bowe,WR,Inactive,"6'2""",221,1984-09-21T00:00:00,LSU,12,WR,FALSE,OFF,Dwayne Bowe,39,10th Season,21-Sep-84,https://s3-us-west-2.amazonaws.com/static.fantasydata.com/headshots/nfl/low-res/7203.png,NA,CIN,0,D.Bowe,NA,Scrambled,Scrambled,NA,NA,NA,KC,2007,1,28,FALSE,6,2,32,33,Scrambled,NA,300986,2e35b163-2fef-4659-b9d8-5916dbe06179,4184,5278,225224,3887,8786,6488,225224,8277,Scrambled,Scrambled,NA,Scrambled,Dwayne Bowe,NA,Dwayne Bowe,NA,Scrambled,Scrambled,FALSE,NA,NA,NA,NA,0,NA,NA,NA,NA,NA,NA,NA
23,5741,NA,17,Robert,Meachem,WR,Inactive,"6'2""",215,1984-09-28T00:00:00,Tennessee,12,WR,FALSE,OFF,Robert Meachem,39,8th Season,28-Sep-84,https://s3-us-west-2.amazonaws.com/static.fantasydata.com/headshots/nfl/low-res/5741.png,NA,ARI,0,R.Meachem,NA,Scrambled,Scrambled,NA,NA,NA,NO,2007,1,33,FALSE,6,2,37,22,Scrambled,NA,300968,23d258b7-24bb-4b39-982e-cfb9a6f7bab6,NA,NA,NA,NA,8795,6646,225376,NA,Scrambled,Scrambled,NA,Scrambled,NA,NA,NA,NA,Scrambled,Scrambled,FALSE,NA,NA,NA,NA,0,NA,NA,NA,NA,NA,NA,NA
35,459,NA,18,Sidney,Rice,WR,Inactive,"6'3""",202,1986-09-01T00:00:00,South Carolina,11,WR,FALSE,OFF,Sidney Rice,37,7th Season,1-Sep-86,https://s3-us-west-2.amazonaws.com/static.fantasydata.com/headshots/nfl/low-res/0.png,NA,STL,0,S.Rice,NA,Scrambled,Scrambled,NA,NA,NA,MIN,2007,2,54,FALSE,6,3,NA,NA,Scrambled,NA,NA,,NA,NA,NA,NA,NA,NA,NA,NA,Scrambled,Scrambled,NA,Scrambled,NA,NA,NA,NA,Scrambled,Scrambled,FALSE,NA,NA,NA,NA,0,NA,NA,NA,NA,NA,NA,NA
39,12414,NA,12,Steve,Smith,WR,Inactive,"6'0""",195,1985-05-06T00:00:00,USC,11,WR,FALSE,OFF,Steve Smith,38,7th Season,6-May-85,https://s3-us-west-2.amazonaws.com/static.fantasydata.com/headshots/nfl/low-res/0.png,NA,NA,0,S.Smith,NA,Scrambled,Scrambled,NA,NA,NA,NYG,2007,2,63,FALSE,6,0,NA,NA,Scrambled,NA,NA,,NA,NA,NA,NA,NA,NA,NA,NA,Scrambled,Scrambled,NA,Scrambled,NA,NA,NA,NA,Scrambled,Scrambled,FALSE,NA,NA,NA,NA,0,NA,NA,NA,NA,NA,NA,NA
49,5100,NA,15,Jacoby,Jones,WR,Inactive,"6'3""",220,1984-07-11T00:00:00,Lane - TN,11,WR,FALSE,OFF,Jacoby Jones,39,9th Season,11-Jul-84,https://s3-us-west-2.amazonaws.com/static.fantasydata.com/headshots/nfl/low-res/5100.png,NA,CLE,0,J.Jones,NA,Scrambled,Scrambled,NA,NA,NA,HOU,2007,3,90,FALSE,6,3,3,6,Scrambled,NA,301234,ce4d7d70-307f-4093-bf54-432b8b405eb4,NA,5229,329337,NA,9681,6684,329337,8327,Scrambled,Scrambled,NA,Scrambled,NA,NA,NA,NA,Scrambled,Scrambled,FALSE,NA,NA,NA,NA,0,NA,NA,NA,NA,NA,NA,NA
51,6302,NA,89,James,Jones,WR,Inactive,"6'1""",208,1984-03-31T00:00:00,San Jose State,12,WR,FALSE,OFF,James Jones,39,10th Season,31-Mar-84,https://s3-us-west-2.amazonaws.com/static.fantasydata.com/headshots/nfl/low-res/6302.png,NA,KC,0,J.Jones,NA,Scrambled,Scrambled,NA,NA,NA,GB,2007,3,97,FALSE,6,1,2,3,Scrambled,NA,301196,b5584569-4a6d-4739-a810-eec2b5edeea4,4242,5391,218298,3073,9680,7222,218298,8332,Scrambled,Scrambled,NA,Scrambled,James Jones,James Jones,James Jones,NA,Scrambled,Scrambled,FALSE,NA,NA,NA,NA,0,NA,NA,NA,NA,NA,NA,NA
78,3022,NA,85,Steve,Breaston,WR,Inactive,"6'0""",189,1983-08-20T00:00:00,Michigan,11,WR,FALSE,OFF,Steve Breaston,40,7th Season,20-Aug-83,https://s3-us-west-2.amazonaws.com/static.fantasydata.com/headshots/nfl/low-res/0.png,NA,NA,0,S.Breaston,NA,Scrambled,Scrambled,NA,NA,NA,ARI,2007,5,176,FALSE,6,0,NA,NA,Scrambled,NA,NA,,NA,NA,NA,NA,NA,NA,NA,NA,Scrambled,Scrambled,NA,Scrambled,NA,NA,NA,NA,Scrambled,Scrambled,FALSE,NA,NA,NA,NA,0,NA,NA,NA,NA,NA,NA,NA
120,3601,NA,14,Eric,Weems,WR,Inactive,"5'9""",195,1985-07-04T00:00:00,Bethune-Cookman,14,WR,FALSE,OFF,Eric Weems,38,11th Season,4-Jul-85,https://s3-us-west-2.amazonaws.com/static.fantasydata.com/headshots/nfl/low-res/3601.png,NA,GB,0,E.Weems,NA,Scrambled,Scrambled,NA,NA,NA,ATL,2007,NA,NA,TRUE,5,9,17,14,Scrambled,NA,300954,1a5a14e3-0299-4926-b232-a0a109a5f5db,NA,5954,232451,34838,9845,6622,232451,8609,Scrambled,Scrambled,NA,Scrambled,Eric Weems,Eric Weems,Eric Weems,NA,Scrambled,Scrambled,FALSE,NA,NA,NA,NA,0,232451,Eric Weems,5178,http://cdn.usatsimg.com/api/download/?imageID=10325834,http://cdn.usatsimg.com/api/download/?imageID=10485624,NA,NA
130,8717,NA,12,Matt,Willis,WR,Inactive,"6'0""",190,1984-04-13T00:00:00,UCLA,8,WR,FALSE,OFF,Matt Willis,39,5th Season,13-Apr-84,https://s3-us-west-2.amazonaws.com/static.fantasydata.com/headshots/nfl/low-res/0.png,NA,NA,0,M.Willis,NA,Scrambled,Scrambled,NA,NA,NA,BAL,2007,NA,NA,TRUE,6,0,NA,NA,Scrambled,NA,NA,,NA,NA,NA,NA,NA,NA,NA,NA,Scrambled,Scrambled,NA,Scrambled,NA,NA,NA,NA,Scrambled,Scrambled,FALSE,NA,NA,NA,NA,0,NA,NA,NA,NA,NA,NA,NA
135,15737,NA,NA,Titus,Ryan,WR,Inactive,"6'0""",193,1984-05-19T00:00:00,Concordia College (AL),2,WR,FALSE,OFF,Titus Ryan,39,1st Season,19-May-84,https://s3-us-west-2.amazonaws.com/static.fantasydata.com/headshots/nfl/low-res/0.png,NA,NA,0,T.Ryan,NA,Scrambled,Scrambled,NA,NA,NA,KC,2007,NA,NA,TRUE,6,0,NA,NA,Scrambled,NA,NA,,NA,NA,NA,NA,NA,NA,NA,NA,Scrambled,Scrambled,NA,Scrambled,NA,NA,NA,NA,Scrambled,Scrambled,FALSE,NA,NA,NA,NA,0,NA,NA,NA,NA,NA,NA,NA
